-0.352157,0.008037,-0.053574,-0.225757,0.159705,0.093134,0.390732,-0.166654,-0.072161,-0.019156,0.013805,-0.021702,-0.023528,-0.038395,0.005108
-0.285490,0.024813,-0.050718,-0.181509,0.152171,0.090234,0.342962,-0.163667,-0.072014,-0.146440,-0.137670,-0.132694,-0.108934,-0.106654,-0.183545
-0.218824,0.053725,-0.048122,-0.147230,0.144362,0.093134,0.355081,-0.152375,-0.071304,-0.212495,-0.271185,-0.199807,-0.169405,-0.119273,-0.283230
-0.152157,0.020548,-0.054378,-0.190311,0.140645,0.093134,0.366430,-0.155334,-0.071514,-0.190664,-0.238662,-0.186169,-0.161498,-0.109582,-0.226372
-0.085490,0.117006,-0.037130,-0.082239,0.143241,0.093134,0.286870,-0.152524,-0.071315,-0.233821,-0.320119,-0.217004,-0.181613,-0.124184,-0.323142
-0.018824,0.011474,-0.052742,-0.203300,0.164032,0.093134,0.402145,-0.165183,-0.072091,-0.220090,-0.266807,-0.198075,-0.162499,-0.123742,-0.323717
0.047843,0.114306,-0.038117,-0.082286,0.148473,0.087318,0.303246,-0.160172,-0.071821,-0.177601,-0.177642,-0.155858,-0.123709,-0.118041,-0.245595
0.114510,0.068017,-0.045405,-0.144565,0.159252,0.090234,0.355132,-0.164400,-0.072052,-0.142589,-0.140863,-0.134641,-0.117108,-0.082101,-0.194116
0.181176,0.125944,-0.034402,-0.067597,0.153902,0.093134,0.307555,-0.159776,-0.071797,-0.237555,-0.339210,-0.222624,-0.187423,-0.120988,-0.325182
0.247843,0.211490,-0.002751,0.082785,0.142946,0.090234,0.170504,-0.147559,-0.070925,-0.238821,-0.332213,-0.220634,-0.185029,-0.122563,-0.347292
0.314510,0.029543,-0.052548,-0.205298,0.155004,0.093134,0.384269,-0.162015,-0.071926,-0.245510,-0.355803,-0.227009,-0.190110,-0.121338,-0.359328
0.381176,0.086437,-0.041417,-0.095025,0.152742,0.093134,0.306003,-0.150632,-0.071172,-0.202907,-0.269621,-0.199192,-0.172931,-0.084904,-0.261951
-0.352157,0.242455,0.017635,0.153212,0.155987,0.093134,0.086276,-0.162182,-0.071935,-0.116534,-0.140043,-0.134142,-0.130696,-0.050666,-0.097531
-0.285490,0.217785,0.003283,0.106419,0.155082,0.093134,0.151230,-0.159043,-0.071753,-0.174843,-0.210388,-0.172886,-0.150187,-0.103778,-0.190823
-0.218824,0.193705,-0.008181,0.062933,0.163580,0.093134,0.170607,-0.175933,-0.072505,-0.118904,-0.134226,-0.130579,-0.124826,-0.063356,-0.114552
-0.152157,0.167526,-0.023914,0.001046,0.162773,0.093134,0.219979,-0.162640,-0.071960,-0.113108,-0.131255,-0.128736,-0.124291,-0.064422,-0.085534
-0.085490,0.225339,0.004686,0.122179,0.146624,0.093134,0.127133,-0.164651,-0.072064,-0.152204,-0.171814,-0.152640,-0.136512,-0.089694,-0.175456
-0.018824,0.190665,-0.013111,0.057592,0.145936,0.090234,0.141509,-0.160191,-0.071822,-0.100321,-0.127593,-0.126447,-0.128831,-0.037534,-0.060899
0.047843,0.148992,-0.026920,-0.029213,0.161416,0.093134,0.219851,-0.170137,-0.072310,-0.167459,-0.217037,-0.176129,-0.159028,-0.081237,-0.165763
0.114510,0.193943,-0.007892,0.076588,0.137163,0.093134,0.147152,-0.112538,-0.066817,-0.123273,-0.153834,-0.142374,-0.136840,-0.049088,-0.098287
0.181176,0.239064,0.025350,0.171898,0.152761,0.093134,0.061897,-0.157309,-0.071645,-0.149424,-0.211394,-0.173382,-0.162604,-0.044947,-0.101414
0.247843,0.137559,-0.032178,-0.057415,0.169618,0.093134,0.293064,-0.166555,-0.072156,0.061685,0.031549,-0.006349,-0.049901,0.091505,0.193128
-0.352157,-0.019423,-0.068232,-0.179119,0.033325,0.072786,0.095304,-0.070090,-0.058643,0.204444,0.308596,0.293385,0.337227,0.006035,0.147481
-0.285490,-0.064408,-0.068420,-0.223818,0.089227,0.087318,0.292782,-0.122138,-0.068181,-0.159072,-0.110721,-0.115618,-0.064260,-0.119814,-0.247540
-0.218824,-0.121325,-0.074376,-0.217181,0.039128,0.066970,0.109487,-0.060158,-0.056223,0.017994,0.145780,0.103858,0.194349,-0.090824,-0.021673
-0.152157,-0.014943,-0.065952,-0.157780,0.074947,0.090234,0.206809,-0.091324,-0.063170,-0.106434,-0.038460,-0.064106,-0.020859,-0.102726,-0.173353
-0.085490,-0.057807,-0.071914,-0.153629,-0.001195,0.087318,0.095509,-0.045964,-0.052436,0.033179,0.140565,0.098397,0.148065,-0.068932,-0.010291
-0.018824,-0.247796,-0.079506,-0.259097,0.022999,0.090234,0.139855,-0.079343,-0.060724,0.017714,0.142546,0.100440,0.175199,-0.077027,-0.043925
0.047843,-0.126838,-0.076290,-0.201207,0.001401,0.087318,0.184585,-0.027682,-0.046978,0.059810,0.159968,0.118863,0.158147,-0.053803,0.026809
0.114510,-0.174522,-0.077504,-0.191001,-0.026157,0.090234,0.114707,-0.022298,-0.045247,-0.134655,-0.075365,-0.091450,-0.043213,-0.114439,-0.211067
0.181176,-0.038343,-0.070821,-0.164714,0.024061,0.090234,0.102755,-0.035717,-0.049456,0.038000,0.178036,0.138426,0.235422,-0.079202,-0.031952
0.247843,-0.140812,-0.075214,-0.223425,0.032263,0.090234,0.161258,-0.064196,-0.057231,-0.050070,0.091696,0.049227,0.167586,-0.110125,-0.130133
-0.352157,-0.369241,-0.073267,-0.405648,0.125695,0.081502,0.260247,-0.126671,-0.068762,0.116977,0.051113,0.011115,-0.063201,0.178412,0.286192
-0.285490,-0.113136,-0.061582,-0.273763,0.128567,0.090234,0.317365,-0.146262,-0.070816,-0.022227,-0.023989,-0.052769,-0.073514,0.018661,0.015663
-0.218824,0.016374,-0.051760,-0.125475,0.080691,0.093134,0.120990,-0.113986,-0.067035,-0.071282,-0.130750,-0.128423,-0.140423,0.029553,0.067886
-0.152157,-0.088749,-0.063213,-0.235748,0.057205,0.058254,0.158552,-0.098813,-0.064557,-0.110151,-0.171082,-0.152233,-0.150894,-0.030197,0.028857
-0.085490,-0.089940,-0.062314,-0.270718,0.130554,0.087318,0.308542,-0.143677,-0.070587,-0.166624,-0.238323,-0.186016,-0.170190,-0.062445,-0.118329
-0.018824,0.025596,-0.049209,-0.149537,0.101836,0.084418,0.193190,-0.124606,-0.068502,-0.165191,-0.243711,-0.188400,-0.173656,-0.040665,-0.112544
0.047843,-0.370863,-0.072740,-0.408419,0.117808,0.093134,0.337063,-0.130433,-0.069214,-0.139712,-0.187246,-0.161034,-0.148793,-0.078393,-0.051211
0.114510,-0.215152,-0.065991,-0.334496,0.136140,0.093134,0.379331,-0.156611,-0.071599,-0.015111,-0.061136,-0.081168,-0.106468,0.034541,0.150672
-0.352157,0.179878,-0.034973,0.140056,-0.127712,-0.177218,-0.197944,0.031703,-0.024769,-0.031664,0.004063,-0.029941,-0.026012,-0.054220,-0.009937
-0.285490,0.182498,-0.039055,0.082892,-0.138334,-0.043500,-0.148405,0.016505,-0.031107,-0.083816,-0.097273,-0.106661,-0.107209,-0.044114,-0.026557
-0.218824,0.165144,-0.031052,0.126830,-0.156824,-0.148138,-0.257076,0.049226,-0.016906,-0.063714,-0.035711,-0.061967,-0.057081,-0.063636,-0.058694
-0.152157,0.245971,-0.001393,0.256967,-0.169609,-0.130707,-0.252433,0.220218,0.091142,-0.014136,-0.016269,-0.046628,-0.065279,-0.005143,0.057371
-0.085490,0.234686,-0.012102,0.168948,-0.157040,-0.081279,-0.224490,0.003403,-0.036207,0.046511,0.098932,0.056313,0.054045,-0.035250,0.074975
-0.018824,0.215040,-0.018097,0.216228,-0.187706,-0.151055,-0.283211,0.050587,-0.016269,-0.064102,-0.078275,-0.093520,-0.102732,-0.031945,-0.000957
0.047843,0.198582,-0.021674,0.161157,-0.171793,-0.180118,-0.228337,0.064292,-0.009669,-0.051379,-0.016875,-0.047100,-0.038131,-0.073838,-0.026163
0.114510,0.245314,-0.002796,0.187920,-0.117661,-0.063848,-0.206677,0.009852,-0.033738,-0.015617,-0.020149,-0.049726,-0.072370,0.012758,0.038073
0.181176,0.183598,-0.036947,0.149845,-0.106725,-0.116175,-0.240699,0.073576,-0.004989,0.052161,0.110613,0.067858,0.072863,-0.046719,0.085806
0.247843,0.161503,-0.038644,0.131885,-0.091697,-0.084196,-0.267835,0.068559,-0.007540,0.070465,0.156896,0.115584,0.144174,-0.050700,0.067611
0.314510,0.116631,-0.042953,0.101495,-0.116501,-0.145239,-0.270169,0.058418,-0.012542,0.150476,0.247277,0.217691,0.256974,-0.038309,0.147718
0.381176,0.115123,-0.046403,0.105551,-0.106902,-0.113259,-0.279813,0.095514,0.006734,0.096379,0.156249,0.114903,0.113818,-0.022494,0.120503
-0.352157,-0.290796,-0.076855,0.248058,-0.524435,-0.776048,-0.424276,0.567418,0.485424,-0.217774,-0.287155,-0.205861,-0.170936,-0.122105,-0.248371
-0.285490,-0.240480,-0.076855,0.129934,-0.330273,-0.575472,-0.326197,0.487477,0.373887,-0.196772,-0.232385,-0.183333,-0.154078,-0.119262,-0.252645
-0.218824,-0.275143,-0.068143,0.201812,-0.276398,-0.624883,-0.374813,0.357521,0.219072,-0.147108,-0.177497,-0.155777,-0.138599,-0.095853,-0.100669
-0.152157,-0.218248,-0.077549,0.003401,-0.259934,-0.168486,-0.248009,0.392750,0.257783,-0.139761,-0.171741,-0.152600,-0.139716,-0.090568,-0.086105
-0.085490,-0.238438,-0.068409,0.228872,-0.358795,-0.627799,-0.411837,0.383879,0.247817,-0.162487,-0.178778,-0.156478,-0.131795,-0.109733,-0.169308
-0.018824,-0.090973,-0.066989,0.110463,-0.263160,-0.534777,-0.371749,0.443733,0.318076,-0.139556,-0.114472,-0.118066,-0.084818,-0.114603,-0.161746
0.047843,-0.001570,-0.067167,0.213195,-0.291937,-0.459185,-0.347780,0.313436,0.173990,-0.162293,-0.207497,-0.171453,-0.154501,-0.089694,-0.143362
0.114510,-0.274156,-0.074149,0.019292,-0.172344,-0.206282,-0.248407,0.398307,0.264126,-0.239633,-0.333329,-0.220958,-0.184462,-0.127291,-0.336462
-0.352157,0.146326,-0.040990,0.025025,-0.176061,0.043723,-0.203228,-0.009792,-0.041010,-0.067334,-0.021564,-0.050866,-0.006270,-0.095143,0.025312
-0.285490,0.133498,-0.048627,0.023229,-0.269847,0.011743,-0.324428,0.011458,-0.033112,-0.151870,-0.148333,-0.139128,-0.105189,-0.112983,-0.139707
-0.218824,0.139850,-0.034762,0.038478,-0.118212,0.037907,-0.047274,0.005936,-0.035247,0.017811,0.079125,0.037167,0.079092,-0.076641,0.130901
-0.152157,0.120420,-0.043064,-0.025359,-0.035323,0.081502,0.051458,-0.077457,-0.060313,-0.091045,-0.094322,-0.104649,-0.096659,-0.075829,-0.022815
-0.085490,0.164475,-0.035583,0.050313,-0.052534,0.043723,-0.005827,-0.039714,-0.050642,-0.126386,-0.128009,-0.126707,-0.093719,-0.090927,-0.065586
-0.018824,0.142663,-0.038733,-0.018532,0.045875,0.093134,0.117695,-0.115408,-0.067243,-0.141765,-0.189445,-0.162199,-0.129336,-0.031081,0.010740
0.047843,0.172154,-0.020759,0.047137,0.087575,0.093134,0.091149,-0.028926,-0.047371,-0.008836,0.039876,0.001001,0.025862,-0.077126,0.094116
0.114510,0.165620,-0.024419,0.016045,0.133740,0.084418,0.181584,-0.143002,-0.070526,-0.162427,-0.204486,-0.169947,-0.150911,-0.079328,-0.149903
0.181176,0.117822,-0.044262,-0.046603,-0.091244,0.066970,-0.035258,-0.088178,-0.062554,-0.175862,-0.197934,-0.166616,-0.120989,-0.102194,-0.156288
0.247843,0.139510,-0.032333,0.006601,0.018160,0.052438,0.094932,-0.043900,-0.051851,-0.070366,-0.036116,-0.062300,-0.035221,-0.089332,-0.017380
-0.352157,0.300768,0.200727,0.383428,0.141864,0.072786,-0.276709,-0.072012,-0.059088,-0.078193,-0.072454,-0.089366,-0.089216,-0.056391,-0.056764
-0.285490,0.300598,0.198692,0.383619,0.120109,0.093134,-0.302832,-0.064634,-0.057338,-0.113367,-0.110915,-0.115745,-0.106386,-0.069587,-0.123028
-0.218824,0.304749,0.232250,0.399081,0.126777,0.055338,-0.325813,-0.042380,-0.051417,-0.100321,-0.087733,-0.100147,-0.087595,-0.087427,-0.083801
-0.152157,0.298771,0.188038,0.374698,0.119460,0.093134,-0.286571,-0.115592,-0.067271,-0.172737,-0.207833,-0.171621,-0.150965,-0.098789,-0.196369
-0.085490,0.301789,0.198914,0.386663,0.110372,0.040806,-0.317759,-0.062916,-0.056915,-0.162244,-0.176502,-0.155234,-0.134343,-0.100918,-0.202528
-0.018824,0.302957,0.213527,0.389518,0.131183,0.093134,-0.305666,-0.072006,-0.059087,-0.137289,-0.140317,-0.134310,-0.116245,-0.098789,-0.138407
0.047843,0.303206,0.226111,0.396679,0.126482,0.093134,-0.310655,-0.077946,-0.060419,-0.049677,-0.024717,-0.053366,-0.052304,-0.063189,-0.025454
0.114510,0.299168,0.190317,0.374329,0.099770,0.066970,-0.269169,0.014374,-0.031959,-0.065195,-0.033609,-0.060341,-0.052121,-0.065750,-0.063814
0.181176,0.302367,0.204482,0.396809,0.095561,-0.078380,-0.296766,-0.091380,-0.063181,-0.120445,-0.116788,-0.119564,-0.107425,-0.082958,-0.132858
0.247843,0.301879,0.207199,0.387353,0.145975,0.081502,-0.275927,-0.130392,-0.069210,-0.001607,0.043272,0.004043,0.003041,-0.025410,0.001327
0.314510,0.304420,0.260756,0.412653,0.123276,0.084418,-0.335636,-0.079776,-0.060816,-0.145358,-0.151284,-0.140875,-0.122552,-0.098771,-0.166606
-0.352157,-0.274088,-0.068453,-0.195069,-0.000743,0.087318,-0.023408,-0.036599,-0.049722,0.167859,0.197802,0.160378,0.114262,0.099522,0.170521
-0.285490,-0.204671,-0.064455,-0.227065,0.027090,0.049522,0.133648,-0.012545,-0.041969,0.051822,0.107946,0.065191,0.057895,0.017859,0.036025
-0.218824,-0.194553,-0.064715,-0.241255,0.058877,0.090234,0.084429,-0.098798,-0.064555,-0.041268,0.002082,-0.031581,-0.027879,0.012697,-0.085251
-0.152157,-0.147992,-0.061948,-0.133587,-0.027671,0.066970,-0.117293,0.053850,-0.014733,0.342226,0.273147,0.249008,0.110164,0.394410,0.369332
-0.085490,-0.081467,-0.058132,-0.119111,-0.013056,0.032091,-0.028615,-0.054081,-0.054651,0.037370,0.104267,0.061537,0.064256,-0.007840,0.008416
-0.018824,-0.203673,-0.064571,-0.171090,-0.031172,0.055338,0.014871,-0.046938,-0.052708,0.001118,0.072860,0.031220,0.051507,-0.062714,-0.007849
0.047843,-0.327750,-0.064205,-0.149954,-0.099820,0.037907,-0.088734,0.076772,-0.003339,0.088025,0.151358,0.109707,0.107471,0.014895,0.077575
0.114510,-0.288051,-0.067699,-0.288809,0.079019,0.093134,0.172813,-0.122475,-0.068225,-0.145514,-0.082802,-0.096702,-0.041081,-0.116398,-0.235579
0.181176,-0.264458,-0.067866,-0.162776,-0.005011,0.084418,0.011319,-0.026326,-0.046548,0.255158,0.239436,0.208410,0.121844,0.194405,0.291115
0.247843,-0.293631,-0.067677,-0.218965,0.000850,0.093134,0.041109,-0.052429,-0.054209,0.219823,0.234262,0.202296,0.140351,0.178361,0.217782
0.314510,0.012483,-0.050562,-0.058533,-0.061464,0.046622,-0.057367,-0.015578,-0.043007,-0.120477,-0.091452,-0.102676,-0.079232,-0.097892,-0.155910
0.381176,-0.231485,-0.063778,-0.225067,0.032735,0.084418,0.114053,-0.068652,-0.058304,-0.020713,-0.009114,-0.040820,-0.058018,0.062217,-0.015529
0.447843,-0.137795,-0.060245,-0.186410,0.063558,0.090234,0.145228,-0.089356,-0.062787,-0.032429,0.027629,-0.009781,0.001826,-0.011616,-0.088933
0.514510,-0.191389,-0.064227,-0.139082,-0.040142,0.087318,-0.046569,-0.034508,-0.049092,0.057467,0.087614,0.045295,0.014913,0.099098,0.040672
-0.352157,-0.306755,-0.072252,-0.153653,0.006299,0.049522,0.018872,0.053351,-0.014967,0.336678,0.248773,0.219483,0.078215,0.300790,0.425178
-0.285490,-0.286497,-0.069468,-0.173992,0.022153,0.055338,0.062474,0.071327,-0.006138,0.464824,0.253785,0.225485,0.007981,0.870155,0.548411
-0.218824,-0.188553,-0.066351,-0.141056,0.013301,0.046622,-0.025781,0.045775,-0.018501,0.171333,0.202572,0.165755,0.119421,0.122520,0.164653
-0.152157,-0.451555,-0.069990,-0.228671,0.027287,0.052438,0.071759,0.043786,-0.019410,0.137204,0.087654,0.045309,-0.037566,0.348897,0.201753
-0.085490,-0.085880,-0.059353,-0.103232,0.020481,0.034990,-0.107201,0.092108,0.004854,0.371421,0.270641,0.245965,0.084712,0.487039,0.413954
-0.018824,-0.181578,-0.060783,-0.203098,0.050438,0.052438,0.060987,0.082691,-0.000231,0.526284,0.529094,0.605485,0.605019,0.071627,0.492446
0.047843,-0.248079,-0.066013,-0.253054,0.079884,0.061154,0.183469,0.061462,-0.011061,0.241886,0.427677,0.454500,0.674952,-0.040249,0.111721
0.114510,-0.555158,-0.072696,-0.307828,0.074455,0.049522,0.098959,0.017219,-0.030819,0.313624,0.449383,0.485817,0.617537,0.012396,0.197775
0.181176,-0.293677,-0.072297,-0.338647,0.101285,0.052438,0.232252,0.004800,-0.035680,0.356501,0.387539,0.398187,0.359523,0.088920,0.324513
0.247843,-0.193646,-0.064516,-0.238995,0.068318,0.078602,0.079594,0.021384,-0.029120,0.541528,0.549587,0.637455,0.604342,0.155615,0.409740
0.314510,-0.451634,-0.073622,-0.289285,0.098551,0.081502,0.216504,0.086240,0.001665,0.314162,0.365954,0.368774,0.349306,0.076728,0.268824
0.381176,-0.379087,-0.077260,-0.333615,0.093633,0.049522,0.179327,0.068763,-0.007435,0.453997,0.496797,0.556078,0.543780,0.164270,0.320220
0.447843,-0.406729,-0.076695,-0.299300,0.068987,0.037907,0.079235,0.062584,-0.010512,0.750472,0.631683,0.769990,0.605526,0.294610,0.589882
-0.352157,-0.235228,-0.073683,0.169495,-0.643045,-0.581288,-0.464954,0.379953,0.243417,-0.190389,-0.255853,-0.193597,-0.170829,-0.097096,-0.201579
-0.285490,-0.193873,-0.073711,0.149953,-0.664702,-0.569656,-0.479368,0.476515,0.359549,-0.162217,-0.181139,-0.157759,-0.135855,-0.106971,-0.174526
-0.218824,-0.323950,-0.074604,0.207581,-0.747807,-0.665578,-0.483818,0.511184,0.405616,-0.162670,-0.207493,-0.171453,-0.155218,-0.076296,-0.160557
-0.152157,-0.379801,-0.076234,0.138760,-0.770919,-0.584187,-0.505504,0.436290,0.308957,-0.096814,-0.103591,-0.110903,-0.106254,-0.059054,-0.063459
-0.085490,-0.512998,-0.072574,0.104100,-0.710375,-0.281873,-0.420788,0.592400,0.522789,-0.179918,-0.214575,-0.174936,-0.150982,-0.107463,-0.208696
-0.018824,-0.539006,-0.077266,0.108655,-0.666649,-0.246977,-0.401847,0.448016,0.323420,-0.074072,0.009965,-0.024953,0.022306,-0.095341,-0.129782
0.047843,-0.373098,-0.075047,0.199802,-0.776073,-0.467918,-0.484267,0.527549,0.428254,-0.122319,-0.143090,-0.135988,-0.128906,-0.060359,-0.103111
0.114510,-0.358035,-0.074521,0.172742,-0.739251,-0.430122,-0.454143,0.473252,0.355302,-0.120062,-0.111962,-0.116428,-0.102685,-0.089018,-0.133433
0.181176,-0.241523,-0.072829,0.188253,-0.735494,-0.316752,-0.465916,0.472692,0.354622,-0.194278,-0.270591,-0.199574,-0.175908,-0.094710,-0.192879
0.247843,-0.276992,-0.076234,0.211673,-0.749145,-0.741169,-0.500015,0.471723,0.353359,-0.147426,-0.163038,-0.147697,-0.130029,-0.093682,-0.153062
0.314510,-0.222354,-0.073678,0.187920,-0.702507,-0.520245,-0.486883,0.506748,0.399592,-0.134191,-0.156603,-0.143991,-0.128243,-0.075590,-0.101414
0.381176,-0.402929,-0.075375,0.194818,-0.813820,-0.424306,-0.500207,0.443325,0.317563,-0.072612,-0.030780,-0.058146,-0.043314,-0.071810,-0.094415
0.447843,-0.224282,-0.073267,0.233273,-0.781640,-0.488265,-0.500182,0.482175,0.366919,-0.139341,-0.155908,-0.143585,-0.126822,-0.081507,-0.131755
0.514510,-0.383181,-0.077626,0.209746,-0.823517,-0.508613,-0.512429,0.413857,0.282128,-0.125772,-0.126206,-0.125573,-0.110588,-0.089636,-0.123150
0.581176,-0.508858,-0.074548,0.198625,-0.805873,-0.674310,-0.513416,0.462954,0.342116,-0.158382,-0.208787,-0.172093,-0.155249,-0.056897,-0.141235
0.647843,-0.307424,-0.079218,0.138379,-0.654650,-0.220813,-0.473674,0.376283,0.239392,-0.129478,-0.144085,-0.136587,-0.123638,-0.072305,-0.119188
-0.352157,0.185890,0.002013,0.119098,-0.090595,0.064070,-0.162550,0.087520,0.002355,0.072953,0.089069,0.046712,0.027408,-0.005184,0.190410
-0.285490,0.222243,0.008634,0.138534,0.089719,0.093134,-0.043132,-0.065975,-0.057664,0.084556,0.114251,0.071471,0.055591,-0.024983,0.180958
-0.218824,0.123414,-0.025256,-0.005460,0.074042,0.090234,0.036146,-0.060265,-0.056251,0.154899,0.171326,0.131118,0.092267,0.013410,0.252519
-0.152157,0.180093,0.001841,0.113258,-0.050095,0.078602,-0.094454,0.100179,0.009347,0.135335,0.158270,0.117057,0.095427,-0.014935,0.265318
-0.085490,0.236954,0.021163,0.174907,0.057421,0.052438,-0.120859,0.044903,-0.018901,-0.002911,0.038583,-0.000125,0.017403,-0.070967,0.094549
-0.018824,0.216730,0.009882,0.141067,0.048235,0.078602,-0.019741,-0.082866,-0.061472,-0.002189,0.008994,-0.025773,-0.041071,-0.023621,0.066823
0.047843,0.232451,0.006854,0.129399,0.114287,0.058254,0.056178,-0.140468,-0.070286,-0.135689,-0.098000,-0.107150,-0.063513,-0.116960,-0.151806
0.114510,0.204752,-0.005008,0.104064,0.064856,0.066970,-0.089145,-0.028982,-0.047389,0.241794,0.227471,0.194349,0.154696,0.041319,0.449990
0.181176,0.173481,-0.006938,0.087721,0.005905,0.072786,-0.100879,0.105455,0.012356,0.132636,0.199055,0.161768,0.186770,-0.044660,0.207503
0.247843,0.242637,0.024851,0.181853,0.051343,0.032091,-0.129412,-0.008334,-0.040495,-0.019776,0.018736,-0.017478,-0.004774,-0.077194,0.062373
0.314510,0.183746,-0.014808,0.067227,0.051087,0.090234,-0.103995,0.059739,-0.011903,0.112577,0.167648,0.127130,0.147523,-0.046749,0.227589
0.381176,0.173243,-0.014181,0.065966,0.069892,0.084418,-0.006570,0.036980,-0.022465,0.048703,0.071688,0.030136,0.011597,-0.024679,0.131649
-0.352157,-0.002523,-0.051916,-0.209973,0.164976,0.093134,0.374702,-0.169786,-0.072296,-0.006907,0.003578,-0.030344,-0.042793,-0.039712,0.077654
-0.285490,0.014695,-0.049719,-0.180142,0.161298,0.093134,0.336448,-0.163581,-0.072010,-0.024861,-0.017118,-0.047309,-0.059933,-0.041928,0.041538
-0.218824,0.037426,-0.048799,-0.153462,0.162970,0.087318,0.319494,-0.166886,-0.072171,-0.025001,-0.029527,-0.057159,-0.071433,-0.035342,0.075330
-0.152157,0.022113,-0.050374,-0.194938,0.158603,0.093134,0.358351,-0.150587,-0.071168,-0.126359,-0.039673,-0.065023,0.003007,-0.115104,-0.222000
-0.085490,-0.090927,-0.059841,-0.267994,0.163698,0.093134,0.371919,-0.168819,-0.072256,0.156746,0.135796,0.093423,0.024458,0.098696,0.261813
-0.018824,-0.112887,-0.062652,-0.298122,0.159705,0.093134,0.376446,-0.164956,-0.072080,0.100705,0.088988,0.046615,-0.004260,0.048813,0.213607
0.047843,-0.084496,-0.059114,-0.276118,0.161888,0.093134,0.402299,-0.162726,-0.071964,-0.131934,-0.155968,-0.143622,-0.131758,-0.088462,-0.086515
0.114510,-0.021215,-0.052559,-0.206107,0.154335,0.093134,0.325085,-0.159034,-0.071753,0.176159,0.187899,0.149333,0.096249,0.048253,0.242436
0.181176,-0.019401,-0.052054,-0.197496,0.164445,0.090234,0.355543,-0.171258,-0.072353,0.022438,0.006448,-0.027940,-0.064477,0.038867,0.109043
0.247843,-0.026081,-0.054877,-0.211733,0.159213,0.093134,0.350580,-0.171744,-0.072370,-0.070754,-0.063238,-0.082710,-0.079397,-0.075337,-0.010370
0.314510,-0.063909,-0.057556,-0.240232,0.159587,0.093134,0.358659,-0.155367,-0.071516,0.090815,0.058268,0.017646,-0.034440,0.080917,0.240270
0.381176,-0.052442,-0.057755,-0.247024,0.155102,0.093134,0.344642,-0.145722,-0.070769,0.367651,0.216274,0.181400,0.013262,0.440946,0.530412
0.447843,-0.087014,-0.060051,-0.277295,0.161593,0.090234,0.362378,-0.163510,-0.072006,0.038700,0.026456,-0.010809,-0.049553,0.032721,0.138226
-0.352157,0.219055,0.000820,0.115625,0.129098,0.090234,0.039583,-0.141472,-0.070382,0.210617,0.252896,0.224429,0.188529,0.060357,0.206873
-0.285490,0.219759,0.004497,0.118527,0.133976,0.093134,0.040071,-0.150386,-0.071153,0.092005,0.075649,0.033874,-0.011890,0.063068,0.219003
-0.218824,0.219702,0.000931,0.115756,0.130180,0.052438,0.042661,-0.151123,-0.071210,0.221929,0.255968,0.228111,0.195567,0.025179,0.270753
-0.152157,0.219963,-0.001498,0.106883,0.121997,0.087318,0.038852,-0.143807,-0.070599,0.294609,0.317812,0.305209,0.246960,0.116979,0.271738
-0.085490,0.157794,-0.025950,0.000689,0.137517,0.090234,0.189753,-0.155526,-0.071527,-0.026008,0.056368,0.015923,0.049467,-0.079444,-0.058536
-0.018824,0.219033,0.002551,0.130113,0.113539,0.093134,-0.026704,-0.135924,-0.069825,0.071063,0.049496,0.009657,-0.036003,0.047918,0.206715
0.047843,0.247457,0.020436,0.171255,0.131301,0.093134,0.065026,-0.156072,-0.071564,0.004695,0.041938,0.002835,-0.006439,-0.028940,0.021059
0.114510,0.250361,0.033075,0.212577,0.069557,0.084418,-0.130092,-0.031230,-0.048089,-0.068169,-0.068453,-0.086490,-0.091760,-0.047480,-0.030849
0.181176,0.200612,-0.010360,0.075089,0.119440,0.093134,0.061333,-0.148883,-0.071034,0.061577,0.107784,0.065038,0.065217,-0.025711,0.116132
0.247843,0.198741,-0.013072,0.050301,0.143300,0.087318,0.142227,-0.163153,-0.071987,0.272848,0.288790,0.268404,0.224460,0.033169,0.348852
0.314510,0.184438,-0.018868,0.041440,0.128115,0.090234,0.112514,-0.153166,-0.071361,0.270262,0.293600,0.274406,0.239110,0.035518,0.333492
0.381176,0.213758,-0.002019,0.093811,0.143044,0.090234,0.078684,-0.157419,-0.071652,0.066479,0.091615,0.049157,0.026186,-0.020555,0.145945
-0.352157,-0.347826,-0.077743,-0.034625,-0.241896,-0.121975,-0.290405,0.221151,0.091892,-0.021780,0.006690,-0.027732,-0.000965,-0.067211,0.128538
-0.285490,-0.177642,-0.069180,-0.047293,-0.252794,-0.017337,-0.235095,0.163449,0.048973,0.283675,0.221084,0.186944,0.119151,0.122971,0.522102
-0.218824,-0.261089,-0.073040,-0.061863,-0.200668,-0.072564,-0.283275,0.184138,0.063619,0.268808,0.221206,0.187055,0.141230,0.100410,0.519149
-0.152157,-0.132328,-0.074992,0.004317,-0.276083,-0.069664,-0.376019,0.202288,0.077151,0.315617,0.223227,0.189417,0.100041,0.167865,0.590237
-0.085490,-0.208289,-0.066889,-0.076089,-0.228088,0.000111,-0.188480,0.177974,0.059167,-0.045001,-0.004708,-0.037194,-0.009393,-0.087471,0.040160
-0.018824,-0.386595,-0.075779,0.012417,-0.370380,-0.148138,-0.343869,0.142586,0.035047,0.085186,0.073628,0.031943,0.001031,0.006527,0.271777
0.047843,-0.207484,-0.075707,0.051038,-0.315128,-0.278956,-0.331917,0.218888,0.090087,0.215330,0.154066,0.112583,0.047038,0.143313,0.436285
0.114510,-0.236294,-0.075619,-0.051420,-0.245162,-0.060932,-0.311437,0.202135,0.077040,0.179720,0.192385,0.154307,0.136615,0.003147,0.346016
0.181176,-0.314354,-0.075236,-0.021743,-0.314361,-0.121975,-0.341702,0.214824,0.086867,0.270208,0.194285,0.156432,0.057953,0.156253,0.482994
0.247843,-0.469714,-0.073350,0.088863,-0.470382,-0.159770,-0.372531,0.322699,0.183165,0.125370,0.073547,0.031901,-0.017767,0.080812,0.385046
-0.352157,0.232939,0.014130,0.145052,0.050714,0.081502,-0.033642,0.017143,-0.030850,0.023677,0.126863,0.084253,0.126333,-0.028971,-0.050226
-0.285490,0.210651,-0.005430,0.084581,0.108720,0.049522,0.030953,-0.070370,-0.058708,-0.029353,0.039593,0.000751,0.025307,-0.048463,-0.066295
-0.218824,0.225714,0.010969,0.136583,0.123453,0.078602,-0.010956,-0.088015,-0.062522,0.015075,0.173266,0.133202,0.250174,-0.075381,-0.103867
-0.152157,0.192593,-0.002990,0.091289,0.002916,0.066970,-0.022613,0.059086,-0.012219,0.062159,0.202127,0.165227,0.251595,-0.042219,-0.035142
-0.085490,0.256055,0.037556,0.232369,-0.214929,-0.084196,-0.246329,0.495685,0.384713,0.007211,0.097881,0.055270,0.089364,-0.044755,-0.044240
-0.018824,0.224148,0.014707,0.151237,-0.053675,0.075686,-0.135837,0.265211,0.129020,-0.049181,-0.014369,-0.045100,-0.039197,-0.027698,-0.060230
0.047843,0.159518,-0.018884,0.021695,0.062240,0.072786,0.003932,-0.017082,-0.043517,-0.059749,0.046020,0.006530,0.070877,-0.097578,-0.134709
0.114510,0.202155,-0.001919,0.092312,0.054490,0.069870,-0.024293,-0.040514,-0.050877,-0.038575,0.122295,0.079613,0.216814,-0.106144,-0.147202
0.181176,0.170169,-0.017331,0.030330,0.114897,0.093134,0.151371,-0.048157,-0.053046,-0.131956,-0.111428,-0.116081,-0.091016,-0.096693,-0.171529
0.247843,0.166618,-0.022101,0.019304,0.079884,0.075686,0.025874,-0.043823,-0.051829,-0.109472,-0.018047,-0.048059,0.017799,-0.108490,-0.202028
0.314510,0.279784,0.076311,0.272346,-0.154405,0.005927,-0.259025,0.546821,0.455444,-0.154224,-0.093190,-0.103885,-0.043933,-0.117009,-0.252404
0.381176,0.242852,0.027535,0.182139,0.041842,0.084418,-0.095505,-0.037180,-0.049894,-0.194924,-0.215594,-0.175430,-0.142713,-0.115640,-0.273723
-0.352157,-0.115269,-0.066368,-0.217573,0.073393,0.029174,0.140624,-0.066735,-0.057846,-0.182083,-0.109480,-0.114803,-0.027037,-0.127824,-0.310894
-0.285490,-0.116471,-0.067139,-0.196009,0.054549,0.049522,0.090444,-0.061025,-0.056443,-0.207060,-0.219640,-0.177377,-0.135179,-0.123862,-0.309302
-0.218824,-0.108678,-0.071004,-0.041357,0.022546,-0.153954,-0.102200,0.305187,0.165982,-0.201259,-0.194534,-0.164861,-0.118986,-0.123452,-0.315994
-0.152157,-0.269460,-0.071143,-0.104184,0.026067,-0.031869,-0.082386,0.132818,0.028818,-0.133717,-0.078962,-0.094006,-0.049384,-0.109049,-0.207928
-0.085490,-0.171789,-0.069468,-0.040144,0.016350,-0.246977,-0.183042,0.264181,0.128118,-0.130534,-0.091816,-0.102940,-0.072367,-0.095768,-0.199661
-0.018824,-0.104947,-0.066335,-0.013822,-0.007214,-0.127791,-0.068806,0.281663,0.143857,-0.167017,-0.132945,-0.129785,-0.086550,-0.115455,-0.264141
0.047843,-0.151406,-0.072003,-0.250224,0.056831,-0.037684,0.053857,0.020074,-0.029659,-0.153303,-0.124622,-0.124572,-0.091303,-0.096560,-0.243322
0.114510,-0.240627,-0.073861,-0.312883,0.061237,0.069870,0.151371,-0.058093,-0.055697,-0.203898,-0.206252,-0.170833,-0.128672,-0.121325,-0.321031
0.181176,-0.133904,-0.067372,-0.113485,0.075793,0.014643,0.022412,0.109565,0.014733,-0.189306,-0.200699,-0.168032,-0.136958,-0.107877,-0.285511
0.247843,-0.095702,-0.068670,-0.047709,-0.020511,-0.124891,-0.112549,0.205316,0.079469,-0.155904,-0.083570,-0.097230,-0.028546,-0.121525,-0.265259
0.314510,-0.078689,-0.066817,-0.075994,0.010095,-0.087095,0.057332,0.170051,0.053556,-0.226296,-0.264091,-0.196983,-0.156412,-0.124618,-0.354826
-0.352157,-0.083725,-0.053901,-0.189348,0.107481,0.078602,0.224647,-0.087357,-0.062391,0.041367,0.010813,-0.024245,-0.074147,0.294440,0.077575
-0.285490,-0.187476,-0.063484,-0.307555,0.138186,0.090234,0.322097,-0.128893,-0.069033,-0.168153,-0.193265,-0.164201,-0.145105,-0.088673,-0.219109
-0.218824,-0.312551,-0.068586,-0.379956,0.155456,0.093134,0.386987,-0.137795,-0.070019,-0.120052,-0.088461,-0.100634,-0.077841,-0.092098,-0.169383
-0.152157,-0.094205,-0.056214,-0.254541,0.138756,0.090234,0.324880,-0.122153,-0.068183,-0.124291,-0.161846,-0.147015,-0.142514,-0.025168,-0.098314
-0.085490,-0.088670,-0.052958,-0.211198,0.101226,0.090234,0.254284,-0.101485,-0.065026,-0.146602,-0.201677,-0.168529,-0.160158,-0.023222,-0.133843
-0.018824,-0.156000,-0.060850,-0.262927,0.091253,0.090234,0.235650,-0.053372,-0.054462,0.090427,0.030337,-0.007419,-0.076055,0.369588,0.184660
0.047843,-0.310997,-0.068187,-0.370143,0.131557,0.078602,0.345873,-0.107919,-0.066098,-0.165444,-0.203803,-0.169602,-0.153645,-0.076986,-0.196290
0.114510,-0.046056,-0.052864,-0.213042,0.135550,0.064070,0.307863,-0.127180,-0.068825,-0.235643,-0.324998,-0.218498,-0.183957,-0.119625,-0.344240
0.181176,-0.683704,-0.074637,-0.403531,0.140231,0.093134,0.369765,-0.108240,-0.066149,-0.098786,-0.151348,-0.140915,-0.147504,0.074901,-0.052550
0.247843,-0.212135,-0.062802,-0.302726,0.124141,0.093134,0.307029,-0.099925,-0.064754,0.011116,-0.007861,-0.039792,-0.079015,0.289728,0.010228
0.314510,-0.217295,-0.066030,-0.344891,0.155417,0.093134,0.376664,-0.137515,-0.069991,-0.020815,-0.088097,-0.100397,-0.133585,0.276685,0.070249
0.381176,-0.416835,-0.071775,-0.372296,0.127072,0.087318,0.233522,-0.100006,-0.064769,-0.097482,-0.102940,-0.110469,-0.110795,-0.010223,-0.115068
0.447843,-0.080401,-0.054378,-0.218097,0.137497,0.093134,0.284690,-0.108714,-0.066224,-0.211806,-0.300203,-0.210489,-0.183261,-0.086802,-0.263881
-0.352157,0.002003,-0.053884,-0.093978,0.018120,0.069870,0.097651,0.045780,-0.018501,0.249298,0.243235,0.212884,0.128492,0.223901,0.262680
-0.285490,-0.004678,-0.058754,-0.161503,0.090860,0.078602,0.192549,-0.062544,-0.056823,0.285183,0.433700,0.463142,0.596932,0.019471,0.133855
-0.218824,0.113104,-0.048815,-0.022160,0.012200,0.066970,0.097048,0.044011,-0.019309,0.250731,0.331919,0.323507,0.324573,0.113312,0.150672
-0.152157,0.125263,-0.044767,-0.023064,0.042905,0.040806,0.120619,0.040717,-0.020800,0.446456,0.566969,0.664868,0.807207,0.121868,0.231054
-0.085490,0.037131,-0.047418,-0.121573,0.012200,0.081502,0.162835,0.034757,-0.023442,0.421462,0.521010,0.593022,0.679215,0.085988,0.256142
-0.018824,0.071737,-0.049986,-0.103922,0.083248,0.052438,0.158437,0.006941,-0.034864,0.402502,0.485682,0.539392,0.586376,0.095749,0.270872
0.047843,0.077556,-0.046447,-0.075899,0.018514,0.020459,0.123850,0.119109,0.020386,0.421408,0.516038,0.585395,0.652994,0.184090,0.230897
0.114510,0.126001,-0.043031,-0.023040,0.110156,0.087318,0.160065,-0.068846,-0.058350,0.384133,0.497687,0.557412,0.655701,0.135252,0.211677
0.181176,0.077862,-0.044490,-0.099248,0.098374,0.093134,0.230546,-0.053846,-0.054588,0.413328,0.363286,0.365134,0.240362,0.213180,0.438648
-0.352157,0.015648,-0.051988,-0.196128,0.154689,0.093134,0.346514,-0.163043,-0.071981,-0.118996,-0.085955,-0.098883,-0.055027,-0.100920,-0.109708
-0.285490,0.122382,-0.033176,-0.031009,0.137045,0.090234,0.195973,-0.107853,-0.066087,-0.157854,-0.147828,-0.138827,-0.100235,-0.108730,-0.189394
-0.218824,-0.185559,-0.065919,-0.325920,0.149575,0.093134,0.362763,-0.153132,-0.071359,0.030211,0.221489,0.187388,0.388248,-0.103357,-0.068548
-0.152157,-0.477348,-0.077793,-0.483093,0.156774,0.093134,0.407967,-0.131957,-0.069389,-0.099454,-0.115204,-0.118539,-0.113620,-0.068246,-0.031086
-0.085490,-0.269528,-0.071126,-0.409978,0.146939,0.093134,0.231713,-0.145203,-0.070724,-0.076340,-0.043230,-0.067747,-0.050311,-0.081500,-0.060545
-0.018824,-0.147856,-0.064854,-0.321293,0.152584,0.087318,0.371368,-0.152469,-0.071311,-0.052025,-0.035469,-0.061786,-0.061838,-0.044380,-0.020531
0.047843,-0.451271,-0.076001,-0.449015,0.149516,0.090234,0.369713,-0.124560,-0.068496,0.134236,0.239678,0.208688,0.278492,-0.042382,0.131098
0.114510,-0.269789,-0.072025,-0.429877,0.159724,0.093134,0.416123,-0.153585,-0.071392,-0.158813,-0.182913,-0.158717,-0.141417,-0.087335,-0.185440
0.181176,0.174865,-0.020232,0.047542,0.115369,0.066970,0.042635,-0.090182,-0.062949,-0.074298,-0.060934,-0.081015,-0.070300,-0.059119,-0.036757
0.247843,-0.157066,-0.066085,-0.355537,0.163029,0.093134,0.389693,-0.166645,-0.072160,-0.057239,-0.046463,-0.070192,-0.076241,-0.018438,-0.049557
0.314510,-0.351751,-0.075813,-0.438167,0.152230,0.093134,0.396862,-0.168939,-0.072261,-0.009784,0.098487,0.055868,0.151955,-0.097185,0.006093
0.381176,0.119898,-0.041589,-0.046377,0.132521,0.093134,0.222352,-0.092741,-0.063440,-0.136631,-0.081913,-0.096063,-0.045040,-0.117002,-0.192812
-0.352157,-0.132918,-0.065786,-0.366218,0.166550,0.093134,0.347143,-0.147399,-0.070912,-0.180823,-0.253638,-0.192667,-0.169441,-0.080206,-0.119822
-0.285490,-0.057614,-0.064616,-0.243824,0.164327,0.093134,0.419253,-0.165617,-0.072112,-0.106968,-0.122451,-0.123195,-0.114831,-0.067143,-0.049163
-0.218824,0.106559,-0.038999,-0.100152,0.167986,0.093134,0.333344,-0.146482,-0.070834,-0.094132,-0.083045,-0.096855,-0.080352,-0.079649,-0.052865
-0.152157,0.008321,-0.053369,-0.218810,0.176483,0.093134,0.398914,-0.175269,-0.072486,-0.134698,-0.172323,-0.152925,-0.140176,-0.066006,-0.071730
-0.085490,0.090033,-0.043552,-0.124380,0.168143,0.093134,0.363904,-0.165429,-0.072103,-0.122023,-0.135519,-0.131374,-0.115941,-0.085754,-0.068642
-0.018824,0.106264,-0.041473,-0.123227,0.173887,0.093134,0.330677,-0.166765,-0.072166,-0.107754,-0.113348,-0.117333,-0.103439,-0.074142,-0.057316
0.047843,0.154539,-0.031457,-0.020483,0.150106,0.093134,0.205270,-0.143343,-0.070557,-0.018235,-0.083408,-0.097105,-0.117247,0.143334,0.180249
0.114510,0.045173,-0.047911,-0.147753,0.163560,0.093134,0.374458,-0.161936,-0.071921,-0.089483,-0.106416,-0.112783,-0.108954,-0.052301,-0.007613
0.181176,0.094423,-0.043713,-0.132124,0.143182,0.093134,0.342526,-0.134909,-0.069716,-0.024683,-0.089997,-0.101676,-0.127762,0.120663,0.134957
0.247843,0.083976,-0.050463,-0.100378,0.125617,0.087318,0.334524,-0.105936,-0.065776,-0.023250,-0.027668,-0.055701,-0.059091,-0.013235,0.101363
0.314510,-0.061641,-0.059813,-0.292270,0.167848,0.093134,0.301104,-0.163990,-0.072031,-0.180742,-0.202683,-0.169038,-0.139093,-0.114301,-0.212461
-0.352157,0.256509,0.050317,0.231156,0.114011,0.093134,-0.095569,-0.009741,-0.040992,0.019605,0.026376,-0.010893,-0.039352,0.042732,0.057568
-0.285490,0.238792,0.024679,0.192083,0.104688,0.093134,-0.027692,-0.052174,-0.054141,-0.003465,-0.005032,-0.037486,-0.058685,-0.022385,0.087500
-0.218824,0.221902,0.013276,0.136619,0.117336,0.093134,0.035274,-0.093103,-0.063509,0.280981,0.300270,0.282854,0.230855,0.063952,0.318054
-0.152157,0.172596,-0.015895,0.029034,0.146821,0.093134,0.160245,-0.086761,-0.062270,0.161379,0.253543,0.225194,0.246418,-0.008810,0.117353
-0.085490,0.219396,0.006943,0.116672,0.152702,0.093134,0.092200,-0.156103,-0.071566,0.226976,0.273713,0.249730,0.213735,0.078121,0.199862
-0.018824,0.226973,0.012566,0.139248,0.147096,0.093134,0.062564,-0.137826,-0.070023,0.329406,0.296349,0.277893,0.178548,0.137093,0.418050
0.047843,0.223354,0.014158,0.138237,0.154591,0.093134,0.081249,-0.165301,-0.072097,0.287230,0.254917,0.226847,0.126824,0.158906,0.352830
0.114510,0.220178,0.016010,0.157957,0.123315,0.081502,0.030722,-0.076442,-0.060088,0.092474,0.113039,0.070276,0.037338,0.008036,0.159690
0.181176,0.177337,-0.010904,0.058734,0.157541,0.093134,0.154012,-0.138417,-0.070083,0.503499,0.405486,0.423099,0.253591,0.299288,0.514304
0.247843,0.227937,0.026597,0.172100,0.126777,0.090234,-0.010572,-0.131320,-0.069317,0.072404,0.177389,0.137703,0.179056,-0.049047,0.030708
0.314510,0.168399,-0.016594,0.031258,0.158682,0.093134,0.207617,-0.144265,-0.070640,0.365873,0.326058,0.315880,0.193909,0.241074,0.372049
0.381176,0.242024,0.043357,0.211696,0.105730,0.093134,-0.063881,-0.074897,-0.059744,0.129065,0.206452,0.170132,0.173710,0.004216,0.101953
-0.352157,0.133441,-0.027120,-0.027667,0.125577,0.064070,0.154077,-0.107679,-0.066059,-0.249003,-0.359400,-0.227898,-0.189647,-0.128372,-0.365283
-0.285490,0.128054,-0.024336,-0.014500,0.101383,0.087318,0.178199,-0.045490,-0.052302,-0.226735,-0.296905,-0.209346,-0.175761,-0.118527,-0.329629
-0.218824,0.142844,-0.024125,-0.017188,0.121348,0.090234,0.154218,-0.088525,-0.062623,-0.249462,-0.357104,-0.227334,-0.188673,-0.129216,-0.369091
-0.152157,0.023452,-0.044501,-0.148157,0.122824,0.093134,0.278547,-0.062773,-0.056880,-0.231603,-0.319909,-0.216939,-0.181970,-0.122152,-0.306463
-0.085490,0.124072,-0.030497,-0.049101,0.118398,0.090234,0.166413,-0.068871,-0.058355,-0.245681,-0.351263,-0.225856,-0.188071,-0.127677,-0.351164
-0.018824,0.116495,-0.029871,-0.044652,0.119775,0.093134,0.213170,-0.062804,-0.056888,-0.246074,-0.368317,-0.230010,-0.192793,-0.119425,-0.341700
0.047843,0.141960,-0.019322,0.004234,0.080533,0.093134,0.097292,0.012422,-0.032732,-0.232947,-0.322100,-0.217615,-0.183371,-0.122234,-0.322740
0.114510,0.112117,-0.029261,-0.042119,0.088283,0.081502,0.070040,0.003647,-0.036116,-0.249528,-0.365847,-0.229439,-0.190671,-0.126929,-0.355346
0.181176,0.079167,-0.034474,-0.071641,0.088775,0.093134,0.131057,-0.035554,-0.049408,-0.233223,-0.327754,-0.219326,-0.185185,-0.122257,-0.314009
0.247843,0.099164,-0.032344,-0.061602,0.090407,0.081502,0.099895,-0.045383,-0.052272,-0.224660,-0.260473,-0.195510,-0.155042,-0.126472,-0.348844
0.314510,0.095364,-0.030908,-0.052288,0.052130,0.081502,0.062679,0.032845,-0.024276,-0.221728,-0.252874,-0.192345,-0.152075,-0.125751,-0.345611
0.381176,0.152735,-0.021086,0.002295,0.125577,0.066970,0.099844,-0.060627,-0.056343,-0.233905,-0.321699,-0.217492,-0.182968,-0.123267,-0.329506
-0.352157,-0.238892,-0.067860,-0.278723,0.059919,0.078602,-0.156497,-0.108368,-0.066169,0.243319,0.189071,0.150625,0.035027,0.395400,0.271108
-0.285490,-0.216320,-0.068415,-0.306651,0.069420,0.058254,-0.018343,-0.093481,-0.063580,0.513895,0.298612,0.280742,0.048023,0.669327,0.608826
-0.218824,-0.537702,-0.074265,-0.365861,0.090073,0.081502,0.000842,-0.125044,-0.068558,0.492564,0.326745,0.316783,0.104869,0.485571,0.557824
-0.152157,-0.186784,-0.067017,-0.311040,0.085903,0.078602,0.023617,-0.113333,-0.066937,0.042024,0.062350,0.021411,-0.006568,0.011529,0.076905
-0.085490,-0.417912,-0.071953,-0.322470,0.063381,0.078602,-0.067677,-0.089851,-0.062884,0.301935,0.256291,0.228487,0.103584,0.380821,0.291154
-0.018824,-0.271717,-0.068659,-0.292354,0.081202,0.090234,-0.012623,-0.074265,-0.059602,0.080327,0.095577,0.053006,0.009016,0.118816,0.080450
0.047843,-0.597738,-0.076817,-0.313204,0.063440,0.084418,-0.074884,-0.089993,-0.062912,0.024717,0.023304,-0.013560,-0.045490,0.018023,0.097858
0.114510,-0.253524,-0.069712,-0.339241,0.084015,0.075686,0.070400,-0.102056,-0.065125,-0.022841,0.011905,-0.023314,-0.025531,-0.050727,-0.005407
0.181176,-0.439316,-0.073173,-0.284313,0.063125,0.084418,-0.042157,-0.066026,-0.057677,0.305652,0.179006,0.139482,0.001796,0.288943,0.521433
0.247843,-0.367268,-0.070738,-0.261214,0.071760,0.081502,0.022271,-0.061693,-0.056611,0.001501,-0.017764,-0.047823,-0.074661,-0.001729,0.130625
0.314510,-0.340873,-0.069180,-0.247512,0.059250,0.075686,-0.031231,-0.083595,-0.061623,0.032651,0.002204,-0.031483,-0.068503,0.024793,0.191828
0.381176,-0.297386,-0.070838,-0.324695,0.075911,0.081502,0.138444,-0.087006,-0.062320,-0.123429,-0.116368,-0.119292,-0.105415,-0.081746,-0.148588
-0.352157,0.312553,0.391040,0.476026,-0.106705,0.049522,-0.457747,0.228218,0.097596,-0.209183,-0.258076,-0.194522,-0.164235,-0.114400,-0.292761
-0.285490,0.313347,0.475049,0.486041,-0.067936,0.078602,-0.494270,0.139935,0.033338,-0.216379,-0.269718,-0.199229,-0.167264,-0.118791,-0.310949
-0.218824,0.315116,0.530674,0.513280,-0.460488,0.000111,-0.538731,0.824067,0.927495,-0.221555,-0.296816,-0.209315,-0.177966,-0.116734,-0.300729
-0.152157,0.311589,0.404566,0.464691,0.057637,0.066970,-0.429418,-0.083855,-0.061677,-0.187168,-0.199227,-0.167280,-0.136231,-0.117046,-0.264940
-0.085490,0.314356,0.560566,0.487921,0.068062,0.040806,-0.474726,-0.053041,-0.054373,-0.222089,-0.269702,-0.199224,-0.163707,-0.122246,-0.335761
-0.018824,0.314333,0.469891,0.505037,-0.399905,-0.011521,-0.533114,0.591380,0.521290,-0.219218,-0.278526,-0.202642,-0.170234,-0.119874,-0.310535
0.047843,0.312666,0.402148,0.474076,-0.042483,-0.014421,-0.455977,0.062966,-0.010324,-0.202670,-0.229939,-0.182211,-0.149592,-0.117059,-0.296203
0.114510,0.312110,0.363299,0.492583,-0.427404,-0.124891,-0.495591,0.770790,0.825159,-0.205110,-0.224587,-0.179722,-0.143952,-0.120326,-0.310232
0.181176,0.313029,0.371374,0.489182,-0.416644,-0.060932,-0.487601,0.723121,0.738314,-0.247453,-0.324836,-0.218449,-0.176775,-0.129845,-0.391174
0.247843,0.313143,0.425912,0.488682,-0.191856,-0.060932,-0.488217,0.434505,0.306792,-0.231923,-0.291848,-0.207557,-0.169950,-0.126964,-0.350360
0.314510,0.311203,0.374807,0.472720,-0.131115,0.066970,-0.454117,0.092123,0.004861,-0.189489,-0.180031,-0.157159,-0.117548,-0.113311,-0.305529
-0.352157,0.161503,-0.020337,0.010621,0.162675,0.084418,0.223211,-0.138917,-0.070133,-0.053555,-0.011742,-0.042946,-0.035823,-0.037947,-0.085396
-0.285490,0.170577,-0.018346,0.017687,0.156262,0.081502,0.098241,-0.174214,-0.072454,-0.131670,-0.133971,-0.130420,-0.118052,-0.077263,-0.166827
-0.218824,0.161775,-0.022206,-0.000452,0.165527,0.093134,0.234625,-0.161085,-0.071874,0.007189,0.060127,0.019368,0.015167,0.024602,-0.037781
-0.152157,0.207792,-0.005253,0.075470,0.159095,0.093134,0.072067,-0.167939,-0.072218,-0.155689,-0.188803,-0.161859,-0.148472,-0.060362,-0.187870
-0.085490,0.188067,-0.013161,0.043022,0.161672,0.093134,0.075863,-0.171224,-0.072351,-0.063978,0.000223,-0.033137,-0.009044,-0.062527,-0.125997
-0.018824,0.182532,-0.016261,0.031544,0.168635,0.093134,0.241126,-0.174260,-0.072455,-0.034756,0.018291,-0.017853,-0.009792,-0.021958,-0.077535
0.047843,0.187149,-0.011115,0.052073,0.149122,0.090234,0.190446,-0.143854,-0.070603,-0.138371,-0.150888,-0.140640,-0.127752,-0.071185,-0.161904
0.114510,0.189145,-0.010255,0.060614,0.154768,0.093134,0.184842,-0.128588,-0.068996,-0.156723,-0.165395,-0.149036,-0.129867,-0.076542,-0.218518
0.181176,0.127067,-0.033037,-0.054346,0.162773,0.093134,0.280689,-0.165233,-0.072093,-0.089052,-0.064127,-0.083336,-0.076092,-0.029610,-0.141448
0.247843,0.150773,-0.024774,-0.015095,0.158013,0.090234,0.243704,-0.155585,-0.071531,-0.192770,-0.216705,-0.175967,-0.147325,-0.108525,-0.281458
0.314510,0.075889,-0.042077,-0.118861,0.143005,0.090234,0.304400,-0.121445,-0.068088,-0.187496,-0.194833,-0.165016,-0.133612,-0.108083,-0.287645
-0.352157,-0.023802,-0.052437,-0.198423,0.147332,0.093134,0.273148,-0.154479,-0.071455,0.085811,0.135634,0.093270,0.069581,0.096060,0.036537
-0.285490,-0.129651,-0.058293,-0.259382,0.138146,0.093134,0.262632,-0.135226,-0.069751,0.457606,0.338548,0.332205,0.138354,0.553515,0.437427
-0.218824,0.085178,-0.040741,-0.111035,0.158564,0.093134,0.297437,-0.152419,-0.071307,0.068843,0.087614,0.045281,0.007686,0.090699,0.080174
-0.152157,0.040262,-0.042926,-0.127580,0.141844,0.093134,0.282163,-0.140204,-0.070260,-0.166279,-0.137492,-0.132584,-0.094538,-0.090770,-0.284955
-0.085490,-0.029348,-0.054683,-0.225031,0.154354,0.084418,0.337602,-0.157835,-0.071678,0.149044,0.165667,0.124990,0.068935,0.131299,0.150120
-0.018824,0.113501,-0.031634,-0.048637,0.145818,0.090234,0.156834,-0.152595,-0.071320,0.089113,0.070596,0.029108,-0.031692,0.197949,0.127238
0.047843,-0.035246,-0.055476,-0.218739,0.155436,0.093134,0.325047,-0.154297,-0.071442,0.174139,0.193598,0.155640,0.096705,0.214102,0.145197
0.114510,0.002139,-0.050474,-0.186374,0.149063,0.087318,0.326996,-0.121338,-0.068074,-0.057471,-0.041168,-0.066163,-0.071318,-0.008977,-0.068280
0.181176,0.012268,-0.051339,-0.195723,0.162675,0.093134,0.359018,-0.100190,-0.064800,0.162343,0.177349,0.137689,0.076632,0.157192,0.153350
0.247843,-0.077883,-0.057545,-0.249653,0.148985,0.093134,0.345707,-0.148296,-0.070986,0.292616,0.244407,0.214287,0.094625,0.342752,0.315297
0.314510,0.000154,-0.048316,-0.169936,0.141294,0.090234,0.308055,-0.119145,-0.067775,0.369644,0.276178,0.252773,0.090747,0.494994,0.381423
-0.352157,0.312893,0.438778,0.466653,0.004647,0.058254,-0.466685,-0.058924,-0.055910,-0.149871,-0.141797,-0.135206,-0.102837,-0.108542,-0.167339
-0.285490,0.312870,0.417333,0.466285,0.021622,0.061154,-0.461799,-0.068565,-0.058285,-0.166796,-0.169522,-0.151362,-0.119104,-0.114972,-0.192978
-0.218824,0.314016,0.494736,0.476062,0.027523,-0.011521,-0.496142,-0.088550,-0.062628,-0.165255,-0.157727,-0.144643,-0.104235,-0.116337,-0.190374
-0.152157,0.315955,0.798152,0.508367,-0.096083,-0.072564,-0.560022,-0.007645,-0.040252,-0.210104,-0.233848,-0.184000,-0.142862,-0.126157,-0.293155
-0.085490,0.315479,0.700322,0.503027,-0.046141,0.023358,-0.525676,-0.026412,-0.046576,-0.213632,-0.281767,-0.203866,-0.171338,-0.117259,-0.258702
-0.018824,0.312224,0.440165,0.466118,0.033817,0.090234,-0.451181,-0.105523,-0.065708,-0.166694,-0.213718,-0.174519,-0.157718,-0.074094,-0.176240
0.047843,0.312144,0.460075,0.469532,0.042688,0.087318,-0.447398,-0.044731,-0.052089,-0.180909,-0.222013,-0.178507,-0.156135,-0.087444,-0.224666
0.114510,0.312292,0.442605,0.463989,0.120680,0.075686,-0.424122,-0.151021,-0.071202,-0.162072,-0.178459,-0.156303,-0.135703,-0.099580,-0.196361
0.181176,0.312428,0.454196,0.466523,-0.030484,0.023358,-0.476495,-0.059694,-0.056107,-0.196955,-0.238965,-0.186302,-0.157143,-0.110233,-0.252393
0.247843,0.312258,0.419645,0.463311,0.023176,0.055338,-0.472943,-0.021492,-0.044984,-0.183618,-0.217825,-0.176509,-0.151019,-0.107778,-0.221799
0.314510,0.316296,0.920494,0.516907,-0.104561,-0.060932,-0.570736,0.182027,0.062088,-0.234475,-0.309003,-0.213450,-0.175068,-0.127797,-0.323871
-0.352157,0.216696,0.006022,0.115185,0.137143,0.090234,0.034556,-0.089856,-0.062885,0.269185,0.184665,0.145720,0.051890,0.242474,0.481301
-0.285490,0.208768,0.000987,0.099841,0.161180,0.093134,0.106512,-0.156229,-0.071574,0.202930,0.171892,0.131729,0.043688,0.197587,0.287925
-0.218824,0.212896,0.007864,0.131052,0.126305,0.090234,0.032710,-0.028707,-0.047302,0.151042,0.151964,0.110360,0.050232,0.106374,0.209708
-0.152157,0.223706,0.011624,0.137297,0.158879,0.093134,0.061589,-0.155699,-0.071539,0.166124,0.178804,0.139259,0.087120,0.086312,0.217821
-0.085490,0.223161,0.012805,0.142185,0.153666,0.093134,-0.019292,-0.101352,-0.065003,0.281897,0.228239,0.195224,0.076828,0.352994,0.319156
-0.018824,0.197754,-0.001104,0.094525,0.157187,0.093134,0.098369,-0.101531,-0.065034,0.267569,0.254432,0.226291,0.131537,0.270437,0.261853
0.047843,0.247968,0.032143,0.189549,0.163599,0.093134,0.001419,-0.151447,-0.071234,0.134360,0.224884,0.191320,0.203145,0.114476,0.031811
0.114510,0.198866,-0.002923,0.079978,0.164839,0.093134,0.137341,-0.150665,-0.071174,0.116854,0.139717,0.097508,0.049159,0.155062,0.096637
0.181176,0.223695,0.011657,0.142530,0.109881,0.081502,0.010883,-0.128899,-0.069033,0.268592,0.241699,0.211063,0.102785,0.350878,0.250195
0.247843,0.233086,0.020120,0.163631,0.141313,0.093134,-0.060406,-0.111702,-0.066690,0.256397,0.237859,0.206506,0.110039,0.321788,0.252322
0.314510,0.225441,0.020586,0.158564,0.087083,0.020459,-0.024845,0.039218,-0.021471,-0.053873,0.034096,-0.004112,0.037067,-0.067600,-0.130282
-0.352157,-0.373086,-0.074188,0.261380,-0.361804,-0.412674,-0.451014,0.197444,0.073473,0.042374,0.133128,0.090686,0.122243,-0.047770,0.016372
-0.285490,-0.281994,-0.072391,0.354251,-0.481929,-0.778965,-0.560734,0.301552,0.162484,0.254630,0.347967,0.344682,0.369470,0.066164,0.168828
-0.218824,-0.398301,-0.077343,0.306257,-0.314774,-0.281873,-0.395563,0.192932,0.070100,0.124653,0.223914,0.190195,0.219453,-0.013767,0.075409
-0.152157,-0.646523,-0.076778,0.313501,-0.333637,-0.465001,-0.464787,0.219561,0.090629,0.283351,0.226622,0.193335,0.070671,0.356545,0.328806
-0.085490,-0.044422,-0.069524,0.325538,-0.332811,-0.569656,-0.501349,0.178963,0.059877,0.223130,0.242427,0.211925,0.166605,0.070541,0.273392
-0.018824,-0.390906,-0.072014,0.360983,-0.430866,-0.590003,-0.520662,0.277936,0.140457,0.342226,0.339842,0.333914,0.250918,0.147875,0.340857
0.047843,-0.498184,-0.075164,0.284788,-0.359247,-0.380695,-0.505747,0.212352,0.084938,0.484108,0.379010,0.386503,0.205514,0.385191,0.489650
0.114510,-0.415610,-0.078048,0.318425,-0.387080,-0.543492,-0.508094,0.267245,0.130824,0.249486,0.333455,0.325550,0.344941,0.022417,0.209078
0.181176,-0.136082,-0.071958,0.239744,-0.478270,-0.776048,-0.479317,0.387601,0.251995,-0.005157,0.045737,0.006266,0.008874,-0.041887,-0.003950
0.247843,-0.281188,-0.074875,0.404802,-0.724203,-0.906866,-0.580747,0.483959,0.369223,0.165155,0.255806,0.227917,0.255756,-0.020033,0.157406
