-0.199314,-0.081250,-0.237934,0.051447,0.102929,0.018959,0.112199,0.018784,0.128089,0.118117,0.118564,0.182113,0.043101,0.118484,-0.008712,-0.034665,-0.195418,0.387186,0.157544,0.089982,-0.035760,0.161760
-0.185296,-0.098911,-0.014426,0.109896,0.142455,0.064720,0.188298,0.064538,0.288761,0.282456,0.301923,0.370444,0.150077,0.301948,-0.017688,-0.113833,-0.093743,0.404062,0.290945,0.245554,0.046724,0.335777
-0.218584,-0.134713,-0.027460,0.135945,0.181980,0.102774,0.233850,0.102907,0.206508,0.164132,0.229311,0.280892,0.090501,0.229217,-0.037423,-0.050190,-0.160158,0.427037,0.224413,0.190588,-0.017602,0.261133
-0.218619,-0.120914,-0.028548,0.119109,0.181980,0.082543,0.189370,0.082358,0.230152,0.192891,0.261476,0.300838,0.104438,0.261377,-0.036022,-0.050474,-0.148319,0.402922,0.283296,0.242305,0.010556,0.336400
-0.222473,-0.112932,-0.032641,0.210278,0.261032,0.156242,0.301910,0.156366,0.315327,0.247945,0.370490,0.412100,0.157505,0.370442,-0.022845,-0.090912,-0.189415,0.419850,0.350140,0.018015,-0.022086,0.422062
-0.196054,-0.134609,-0.014610,0.109896,0.142455,0.063757,0.217237,0.063574,0.157941,0.142768,0.146684,0.235845,0.063929,0.146729,-0.040192,-0.020644,-0.193596,0.426165,0.260630,0.163434,-0.086422,0.313203
-0.197713,-0.122194,-0.008663,-0.091819,-0.055174,-0.084606,-0.076439,-0.084443,-0.124421,-0.116887,-0.151659,-0.115444,-0.080952,-0.151641,-0.059767,0.121923,0.227505,0.183314,0.009054,0.070172,-0.234463,0.010779
-0.273017,-0.169968,-0.069142,-0.105478,-0.055174,-0.089904,-0.087158,-0.090062,-0.128164,-0.121817,-0.142029,-0.114223,-0.088226,-0.142012,-0.068139,0.203447,0.324057,0.179928,-0.087364,-0.096325,-0.141082,-0.088637
-0.340560,-0.132760,-0.141459,-0.022569,0.063403,-0.018132,-0.006772,-0.017980,-0.080145,-0.074981,-0.095034,-0.069311,-0.052925,-0.095087,-0.045030,-0.003006,0.273030,0.221062,0.033578,0.227948,-0.026387,0.051818
-0.344484,-0.157184,-0.144499,-0.028604,0.063403,-0.030174,-0.006772,-0.030341,-0.012134,-0.022392,-0.024156,-0.008525,0.002745,-0.024089,-0.046558,-0.000974,0.113168,0.320167,0.121592,0.223956,0.022673,0.134231
-0.383623,-0.173234,-0.185686,-0.037181,0.063403,-0.036918,-0.007843,-0.036763,-0.075581,-0.070050,-0.093878,-0.060492,-0.039524,-0.093867,-0.041974,-0.031211,0.262731,0.231297,0.078581,0.370294,0.011338,0.089449
-0.362834,-0.165822,-0.172905,-0.026063,0.063403,-0.023912,-0.004628,-0.023759,-0.019985,-0.027322,-0.027430,-0.019922,-0.014867,-0.027427,-0.042770,-0.019181,0.197989,0.296491,0.130929,0.308532,0.115954,0.143694
-0.100730,-0.076016,0.086079,-0.104525,-0.094700,-0.102428,-0.102699,-0.102263,-0.156282,-0.139894,-0.175350,-0.145295,-0.097109,-0.175328,-0.060595,0.155126,-0.088514,-0.283870,-0.155986,-0.165903,-0.151499,-0.140919
-0.087649,-0.036674,-0.228958,-0.073712,-0.055174,-0.079789,-0.073224,-0.079627,-0.121318,-0.105383,-0.161482,-0.116123,-0.046799,-0.161462,-0.045953,0.122044,-0.159525,-0.208226,0.004372,0.064109,0.061212,-0.013799
-0.008055,-0.068996,-0.233103,-0.104208,-0.094700,-0.100983,-0.104842,-0.100818,-0.104337,-0.102096,-0.096767,-0.110695,-0.088992,-0.096820,-0.059704,0.123386,-0.055403,-0.255261,-0.076063,-0.051455,-0.113978,-0.075496
-0.070219,0.041541,-0.190943,-0.080383,-0.055174,-0.083642,-0.075903,-0.083640,-0.134007,-0.128391,-0.153008,-0.122093,-0.080339,-0.152989,-0.052383,0.133668,0.157236,-0.238457,0.062246,-0.036751,-0.078421,0.058069
-0.058453,0.310591,-0.193217,-0.024792,-0.015648,-0.057631,-0.028208,-0.057793,-0.084345,-0.074159,-0.115065,-0.079759,-0.025588,-0.114987,-0.019916,0.018167,0.160633,-0.292451,0.044180,0.029836,-0.052194,0.024051
0.084702,0.071601,-0.234445,0.030481,-0.015648,-0.022467,0.022703,-0.022314,0.032508,0.054025,-0.024156,0.014271,0.078249,-0.024218,0.013823,-0.061366,0.309308,-0.448922,0.497803,0.467823,0.278325,0.464423
-0.006885,-0.043430,-0.274630,0.038105,0.023878,0.016069,0.046819,0.016055,0.232434,0.213434,0.174227,0.242086,0.257206,0.174203,0.021494,-0.187189,0.389150,0.005450,0.313747,0.295709,0.323499,0.353909
0.012670,-0.015732,0.152552,0.046364,0.023878,0.019922,0.029134,0.019908,0.093490,0.054025,0.029774,0.079535,0.145635,0.029833,0.028020,-0.192350,0.352369,-0.127563,0.204292,0.255878,0.211245,0.239339
-0.002216,-0.064029,-0.290987,0.069236,0.023878,0.046897,0.056465,0.047039,0.076601,0.037591,0.019373,0.080756,0.126109,0.019305,0.044126,-0.176785,0.377034,-0.055824,0.287284,0.081162,0.159210,0.328977
-0.002030,-0.049491,-0.219908,-0.045123,-0.055174,-0.047515,-0.041606,-0.047519,0.106453,0.072102,0.087555,0.108979,0.162099,0.087478,-0.020235,-0.097252,0.304450,-0.076285,0.089937,0.025014,0.078167,0.110212
0.079765,-0.007928,-0.214496,-0.057194,-0.055174,-0.053295,-0.052324,-0.053138,0.125989,0.077854,0.127424,0.102059,0.140734,0.127471,-0.038346,0.023654,0.281217,-0.152447,0.244703,0.080757,0.237981,0.163916
0.114619,-0.008920,-0.173550,-0.046393,-0.055174,-0.052814,-0.046429,-0.052817,0.111474,0.067172,0.119527,0.092561,0.104438,0.119575,-0.020521,-0.059497,0.090364,-0.124320,0.078761,-0.036539,0.073706,0.097352
0.054883,0.007626,-0.227674,0.038105,0.023878,0.023776,0.024311,0.023761,-0.119766,-0.097166,-0.159556,-0.113952,-0.069772,-0.159537,-0.022494,0.079047,-0.234725,0.057289,0.022953,-0.012652,0.138064,0.019488
-0.290086,0.018162,-0.220829,0.003480,0.063403,-0.007053,0.016272,-0.007063,0.072675,0.081141,0.031892,0.062032,0.105050,0.031951,0.012805,0.007316,0.056490,0.079078,0.020350,0.023283,0.206659,0.026847
0.097876,0.022879,-0.235032,-0.053064,-0.055174,-0.038844,-0.059290,-0.038850,-0.091739,-0.079089,-0.130473,-0.083965,-0.041056,-0.130521,-0.044234,0.163457,-0.186461,0.011223,-0.090254,-0.000523,0.092477,-0.122505
-0.042985,0.023671,-0.199130,-0.040040,-0.055174,-0.038844,-0.037318,-0.039010,-0.096030,-0.069229,-0.131629,-0.087358,-0.044578,-0.131548,-0.036818,0.131392,-0.326105,0.034075,-0.106183,-0.068454,-0.030081,-0.090203
0.006575,0.061807,-0.208813,-0.099125,-0.094700,-0.082679,-0.090373,-0.082838,-0.114379,-0.099631,-0.153585,-0.105268,-0.057213,-0.153567,-0.057539,0.165977,-0.065466,-0.166693,-0.259725,0.119938,-0.062319,-0.203049
0.048549,0.002533,-0.222775,-0.038134,-0.055174,-0.024394,-0.049108,-0.024241,-0.107715,-0.093879,-0.148963,-0.099162,-0.046646,-0.148881,-0.041847,0.154110,-0.165081,0.022700,-0.172002,-0.037469,-0.188563,-0.147692
0.249443,0.019986,0.435999,-0.105796,-0.134225,-0.079307,-0.094660,-0.079306,-0.170980,-0.152220,-0.193262,-0.150316,-0.122992,-0.193238,-0.068298,0.198692,-0.178045,0.092699,-0.300835,-0.110214,-0.283806,-0.250571
0.261971,0.025327,0.436206,-0.121044,-0.134225,-0.094721,-0.110737,-0.094717,-0.178557,-0.158793,-0.204625,-0.155607,-0.126055,-0.204536,-0.073772,0.367960,-0.154222,0.095440,-0.361274,-0.119741,-0.123993,-0.285921
0.257052,0.036944,0.442038,-0.130256,-0.134225,-0.104837,-0.112345,-0.104831,-0.155917,-0.140716,-0.178431,-0.130641,-0.111582,-0.178474,-0.075300,0.361254,-0.076041,0.082086,-0.250144,-0.115550,-0.386834,-0.228304
0.279658,0.029597,0.464923,-0.140421,-0.138178,-0.114471,-0.127350,-0.114624,-0.184126,-0.162080,-0.211367,-0.160356,-0.129347,-0.211340,-0.076796,0.438837,-0.303328,0.095751,-0.363651,-0.107988,-0.372449,-0.311520
0.285002,0.029438,0.459632,-0.141057,-0.138178,-0.113989,-0.127886,-0.113822,-0.183761,-0.162080,-0.211559,-0.159814,-0.128811,-0.211597,-0.077019,0.453590,-0.369749,0.094818,-0.412332,-0.141802,-0.426421,-0.335549
0.274989,0.027476,0.457030,-0.134703,-0.134225,-0.108690,-0.123063,-0.108845,-0.162216,-0.144003,-0.188832,-0.139461,-0.111122,-0.188809,-0.074791,0.400147,-0.359987,0.098157,-0.378468,-0.126801,0.029022,-0.308478
0.137667,-0.008541,0.297583,-0.067041,-0.094700,-0.047033,-0.055539,-0.046877,-0.077133,-0.076624,-0.079433,-0.059814,-0.060966,-0.079359,-0.060436,0.054053,-0.322897,0.241966,-0.084119,-0.019075,0.042376,-0.084346
0.127735,-0.023477,0.271969,-0.080383,-0.094700,-0.060521,-0.067865,-0.060362,-0.102238,-0.093879,-0.121035,-0.085187,-0.070231,-0.121021,-0.068266,0.124564,-0.366560,0.261057,-0.058221,-0.067848,0.068821,-0.069038
0.151185,0.008459,0.340434,-0.107384,-0.094700,-0.085569,-0.095732,-0.085567,-0.139393,-0.124282,-0.161867,-0.122500,-0.093280,-0.161912,-0.071735,0.197189,-0.220849,0.191669,-0.138794,-0.032003,-0.050015,-0.133842
0.195051,0.010654,0.326381,-0.097219,-0.094700,-0.078343,-0.087158,-0.078342,-0.119400,-0.107848,-0.142029,-0.106489,-0.079803,-0.141948,-0.070653,0.179795,-0.237394,0.160255,-0.058263,0.090905,0.000319,-0.094983
0.185911,0.001264,0.352686,-0.102937,-0.094700,-0.079789,-0.090909,-0.079627,-0.134737,-0.120995,-0.152622,-0.114902,-0.089988,-0.152668,-0.071735,0.200603,-0.401454,0.189334,-0.174108,-0.057214,-0.003449,-0.157401
0.173639,-0.001159,0.291618,-0.115644,-0.134225,-0.094721,-0.105914,-0.094557,-0.137659,-0.123460,-0.158786,-0.120329,-0.089911,-0.158766,-0.070908,0.185606,-0.448206,0.163757,-0.245836,-0.367158,-0.009028,-0.188104
0.483183,0.102516,0.626978,-0.102937,-0.134225,-0.077862,-0.087158,-0.077861,-0.111276,-0.097166,-0.102353,-0.103640,-0.097645,-0.102405,-0.055534,0.034545,-0.451428,-0.254683,-0.294010,-0.287836,0.015576,-0.230972
0.507506,0.105594,0.668753,-0.108337,-0.134225,-0.083642,-0.091981,-0.083801,-0.110545,-0.105383,-0.107938,-0.101740,-0.088609,-0.107990,-0.057603,0.051167,-0.095276,-0.333984,-0.200535,-0.153628,-0.055665,-0.184647
0.519353,0.109836,0.668477,-0.130891,-0.138178,-0.106763,-0.111273,-0.106758,-0.141675,-0.128391,-0.152045,-0.120736,-0.105303,-0.152090,-0.064637,0.141511,-0.140556,-0.329929,-0.248325,-0.303684,-0.022737,-0.238349
0.515936,0.118250,0.642431,-0.126126,-0.138178,-0.102910,-0.110201,-0.103065,-0.134829,-0.121817,-0.138562,-0.123314,-0.106758,-0.138481,-0.063937,0.127856,-0.156914,-0.315415,-0.237106,-0.280104,-0.007129,-0.215078
0.531410,0.132654,0.665097,-0.122950,-0.134225,-0.098093,-0.105378,-0.098249,-0.124421,-0.116065,-0.127199,-0.110017,-0.096420,-0.127119,-0.063937,0.110381,-0.072440,-0.344398,-0.266081,-0.222567,0.004580,-0.226200
0.571842,0.131423,0.382635,-0.138833,-0.146083,-0.114952,-0.124135,-0.114945,-0.166050,-0.147289,-0.183439,-0.143531,-0.118550,-0.183481,-0.065337,0.199912,0.260934,-0.330251,-0.295630,-0.057713,-0.157133,-0.248854
-0.186530,-0.139816,-0.003222,-0.031146,-0.015648,-0.077862,-0.075903,-0.077861,-0.123965,-0.114422,-0.137021,-0.137290,-0.074673,-0.136941,-0.052383,0.051858,0.189139,0.061990,-0.136505,0.089779,-0.134307,-0.150539
-0.182012,-0.136881,-0.009492,-0.061641,-0.055174,-0.099538,-0.101627,-0.099373,-0.117757,-0.105383,-0.122576,-0.133762,-0.077200,-0.122626,-0.064383,0.125377,0.093687,0.143319,-0.144225,0.086571,-0.145652,-0.160885
-0.173391,-0.126634,0.006738,-0.060688,-0.055174,-0.091349,-0.095196,-0.091507,-0.071838,-0.070050,-0.062676,-0.103640,-0.055376,-0.062605,-0.063841,0.132042,0.127394,0.230409,-0.174667,0.063004,-0.240952,-0.213307
-0.162335,-0.128344,-0.020448,-0.055288,-0.015648,-0.096166,-0.094124,-0.096162,-0.085623,-0.079911,-0.081551,-0.112459,-0.060812,-0.081542,-0.064001,0.127775,0.020926,0.168370,-0.181660,0.147323,0.022256,-0.208270
-0.152689,-0.120544,0.033135,-0.059100,-0.055174,-0.093276,-0.095732,-0.093273,-0.061522,-0.059368,-0.046883,-0.097127,-0.055988,-0.046878,-0.063778,0.114038,-0.090460,0.191649,-0.250955,-0.013679,-0.182186,-0.180693
-0.144917,-0.116839,0.013123,-0.041946,-0.015648,-0.079789,-0.086622,-0.079787,-0.043173,-0.044578,-0.032823,-0.077181,-0.035313,-0.032819,-0.063682,0.143990,-0.182352,0.269376,-0.208357,0.097600,-0.070336,-0.122322
-0.264430,-0.127477,-0.077439,0.044140,0.102929,0.008843,0.075758,0.008670,-0.022997,-0.022392,-0.016066,-0.024264,-0.026124,-0.016001,-0.046112,-0.034869,0.087436,0.402114,0.187097,-0.047167,-0.175690,0.228132
-0.258300,-0.144415,-0.068440,0.080036,0.142455,0.032447,0.104161,0.032269,0.021735,0.020336,0.042871,0.027703,0.003511,0.042928,-0.041529,-0.045476,0.140115,0.373473,0.244235,-0.010768,-0.163364,0.286401
-0.255057,-0.134803,-0.074583,0.051447,0.102929,0.010289,0.090763,0.010275,0.067928,0.042522,0.089673,0.069766,0.030159,0.089725,-0.048245,-0.018856,0.100904,0.411404,0.225267,0.026536,-0.204143,0.266118
-0.215138,-0.137152,-0.034098,0.041281,0.063403,-0.015241,0.066647,-0.015090,-0.061887,-0.050330,-0.072692,-0.044617,-0.035236,-0.072619,-0.057412,0.037837,0.074650,0.397030,0.194566,0.142978,-0.160256,0.223501
-0.217437,-0.133109,-0.047046,0.052717,0.102929,0.001618,0.079509,0.001767,-0.029753,-0.014175,-0.033208,-0.022093,-0.020763,-0.033140,-0.054070,0.029140,0.096863,0.379803,0.218342,0.081317,-0.246818,0.247801
-0.229267,0.151483,-0.067041,0.077813,0.142455,0.020404,0.093979,0.020550,0.023196,0.055669,0.045952,0.025261,0.008488,0.045881,-0.042706,-0.009184,0.115356,0.395596,0.194403,-0.010804,-0.244736,0.227500
0.319699,0.082446,-0.039988,-0.108020,-0.134225,-0.088459,-0.103235,-0.088296,-0.101325,-0.092236,-0.113909,-0.071890,-0.078578,-0.113895,-0.051364,0.149070,-0.365736,-0.156271,-0.245186,-0.359094,0.035129,-0.217543
0.402489,0.085494,-0.101677,-0.113738,-0.134225,-0.085087,-0.103771,-0.085246,-0.097217,-0.096345,-0.106590,-0.066733,-0.081794,-0.106577,-0.069507,0.172804,-0.117963,-0.126830,-0.290981,-0.315471,-0.026810,-0.223675
0.395916,0.069894,0.513376,-0.113102,-0.134225,-0.086051,-0.107522,-0.085888,-0.121226,-0.112778,-0.134710,-0.092242,-0.092515,-0.134630,-0.068266,0.161344,-0.311886,-0.094420,-0.231773,-0.294063,-0.045883,-0.214005
0.434316,0.076577,0.617807,-0.103572,-0.134225,-0.074972,-0.101627,-0.074811,-0.121135,-0.112778,-0.131821,-0.096720,-0.094123,-0.131741,-0.067916,0.165733,-0.564574,-0.138654,-0.282270,-0.467835,0.051781,-0.234074
0.437629,0.112508,0.603541,-0.132480,-0.138178,-0.104355,-0.124135,-0.104350,-0.138206,-0.125925,-0.153585,-0.112731,-0.106605,-0.153502,-0.069539,0.184062,-0.517255,-0.177139,-0.327587,-0.381943,-0.168513,-0.275400
0.435114,0.086625,-0.017984,-0.121997,-0.134225,-0.093758,-0.109666,-0.093754,-0.111915,-0.105383,-0.120265,-0.085187,-0.089911,-0.120186,-0.065719,0.108145,-0.450572,-0.144570,-0.294676,-0.495783,-0.117102,-0.238192
-0.080849,-0.076203,-0.283853,0.061929,0.063403,0.047861,0.051106,0.047681,0.020731,0.025266,0.050767,0.003009,0.001520,0.050760,-0.009603,-0.094529,-0.089590,0.011191,0.049715,0.000765,-0.009722,0.040603
-0.100480,-0.062255,-0.289709,0.095602,0.102929,0.084951,0.063432,0.084766,0.012789,0.021158,0.013787,-0.003911,0.014921,0.013785,0.005548,-0.077500,-0.000939,0.043696,0.065056,-0.046937,-0.040157,0.040792
-0.062266,-0.071221,-0.290831,0.152145,0.142455,0.152389,0.065576,0.152353,0.220293,0.160845,0.305390,0.086048,0.075339,0.305286,0.076306,-0.062910,0.034303,0.053166,-0.033512,-0.168152,-0.117147,-0.043435
-0.035737,-0.069977,-0.282000,0.044458,0.023878,0.065684,0.005018,0.065501,0.224310,0.176457,0.344874,0.095817,0.093947,0.344764,-0.001710,-0.006827,-0.025966,0.036708,-0.104276,-0.237618,-0.108881,-0.133782
-0.066947,-0.070827,-0.292748,0.066377,0.063403,0.066647,0.039852,0.066625,0.046931,0.067994,0.058086,0.016035,0.041416,0.058142,0.003638,-0.065918,-0.021444,0.048955,-0.006594,-0.152358,-0.046221,-0.053277
-0.104037,-0.041867,-0.291171,0.110849,0.102929,0.097957,0.071471,0.097769,0.183229,0.164954,0.227771,0.092018,0.101681,0.227740,0.027892,-0.134763,0.104446,0.060289,0.086136,-0.003733,0.115865,0.075450
-0.198802,-0.117160,-0.029458,-0.068947,-0.055174,-0.072563,-0.066793,-0.072563,-0.115475,-0.107027,-0.114102,-0.117073,-0.081411,-0.114152,-0.065019,0.156711,-0.006023,0.178721,-0.019422,0.230867,-0.078653,-0.038050
-0.245760,0.798990,-0.053546,-0.028287,0.023878,-0.030174,-0.008379,-0.030020,-0.047737,-0.046221,-0.037253,-0.056014,-0.034624,-0.037185,-0.059258,0.093149,0.024713,0.284587,0.053385,0.180374,-0.201577,0.039164
-0.252868,-0.140857,-0.051865,-0.040675,-0.015648,-0.034027,-0.033031,-0.034034,-0.048285,-0.054438,-0.025889,-0.062799,-0.044195,-0.025951,-0.063841,0.144356,-0.143507,0.389668,0.067084,-0.055489,-0.069404,0.078621
-0.253369,-0.152064,-0.065158,-0.033687,0.023878,-0.025839,-0.029816,-0.025846,-0.069008,-0.062655,-0.054394,-0.077181,-0.053078,-0.054453,-0.064064,0.134562,-0.081715,0.355043,0.037390,0.199369,-0.231212,0.045715
-0.240741,-0.098552,-0.053794,-0.038769,-0.015648,-0.029211,-0.029816,-0.029217,0.093855,0.055669,0.163056,0.060132,0.022655,0.162969,-0.050282,0.060312,-0.020994,0.286360,-0.016556,0.258113,-0.166337,-0.026166
-0.254178,-0.146383,-0.054715,-0.050841,-0.015648,-0.050405,-0.034639,-0.050569,-0.070469,-0.070050,-0.054394,-0.079895,-0.059128,-0.054388,-0.065719,0.159881,-0.161117,0.391389,0.053041,0.054166,-0.268666,0.054248
-0.342568,-0.193841,-0.150038,-0.004462,0.063403,0.000173,-0.006772,0.000322,0.021096,-0.015819,0.045567,0.013321,0.003588,0.045496,-0.045285,-0.000446,0.341635,0.245066,0.102909,0.051739,-0.161964,0.110730
-0.311219,-0.166178,-0.177206,0.132133,0.221506,0.140346,0.123989,0.140152,0.013702,0.064707,0.039789,-0.000655,-0.020610,0.039847,-0.008426,-0.109159,0.223648,0.286917,0.139309,0.088219,0.007383,0.147871
-0.338371,-0.180534,-0.183165,0.022857,0.102929,0.028111,0.037709,0.028256,0.096137,0.067172,0.134743,0.089983,0.035826,0.134789,-0.021062,-0.115052,0.107960,0.208628,0.224713,-0.160762,0.117504,0.251490
-0.341288,-0.182471,-0.165669,0.025398,0.102929,0.046897,0.014129,0.046718,0.016897,0.011297,0.043449,0.007215,-0.016705,0.043506,-0.020998,-0.090505,0.180942,0.241620,0.099868,-0.036136,-0.066396,0.112010
-0.310112,-0.177768,-0.119156,-0.005097,0.063403,0.009807,0.001803,0.009794,-0.049654,-0.054438,-0.037638,-0.049773,-0.050322,-0.037570,-0.039714,-0.054864,0.130837,0.278069,0.119710,-0.179106,0.020677,0.120362
-0.322664,-0.193515,-0.164200,-0.060370,-0.015648,-0.040290,-0.046429,-0.040134,-0.068278,-0.065942,-0.055743,-0.060356,-0.065560,-0.055736,-0.051014,0.014550,0.182249,0.216397,-0.061648,-0.333863,-0.146016,-0.060636
0.131741,0.017259,-0.235936,0.039693,-0.015648,0.042080,0.040388,0.042062,0.166522,0.125513,0.214288,0.167459,0.084375,0.214260,0.095022,-0.324838,0.135233,0.045764,0.071504,0.262399,0.319180,0.073665
0.155726,0.006165,0.225514,-0.068630,-0.094700,-0.053295,-0.053931,-0.053459,0.080435,0.040056,0.104119,0.095682,0.035903,0.104104,0.009463,-0.232056,0.198419,0.038437,0.004791,0.201236,0.318715,-0.012693
0.139681,0.010911,0.142333,-0.095631,-0.094700,-0.080752,-0.080727,-0.080911,0.071945,0.036770,0.097570,0.085098,0.028781,0.097557,0.021208,-0.242298,0.233745,-0.023506,-0.123400,0.245921,0.121201,-0.128281
0.128382,0.061802,0.053458,-0.032416,-0.055174,-0.021022,-0.017490,-0.020869,0.323178,0.244658,0.405351,0.321733,0.174198,0.405234,0.074459,-0.323660,0.243451,0.090587,0.030614,0.164420,0.335751,0.029858
0.114509,0.029078,-0.239776,-0.055288,-0.055174,-0.045106,-0.048572,-0.045271,0.342896,0.302176,0.427886,0.334623,0.183310,0.427766,0.055043,-0.290457,0.235277,0.102938,-0.017877,0.164970,0.278161,-0.025888
0.148350,0.058841,0.164389,0.027622,-0.015648,0.029075,0.039852,0.028898,0.122520,0.131264,0.140714,0.132995,0.080163,0.140759,0.150819,-0.407217,0.215631,0.109268,0.235942,0.335467,0.573579,0.259998
0.072051,0.018174,-0.220460,0.038105,-0.015648,0.027148,0.058073,0.027132,0.334954,0.289029,0.401307,0.338423,0.207202,0.401190,0.198628,-0.412175,0.361366,0.060022,0.212515,0.366310,0.416288,0.197587
-0.013236,-0.068934,0.177907,-0.064500,-0.055174,-0.051369,-0.063042,-0.051372,0.455367,0.402423,0.549804,0.430689,0.251310,0.549669,-0.026314,-0.090302,0.005837,-0.014896,-0.131460,-0.043569,-0.016438,-0.150015
-0.034678,-0.065558,0.149541,-0.051794,-0.055174,-0.038844,-0.047500,-0.038850,0.111292,0.082784,0.157277,0.099481,0.049227,0.157320,-0.018166,-0.126228,-0.102878,0.065357,-0.048393,-0.312167,-0.016678,-0.041552
-0.012247,-0.072743,-0.228728,-0.076254,-0.055174,-0.067264,-0.063578,-0.067105,0.269681,0.291494,0.341792,0.272208,0.152374,0.341811,-0.040542,-0.037266,-0.119183,-0.080911,-0.084643,-0.119289,-0.134218,-0.094739
0.020914,-0.049256,-0.275908,-0.083877,-0.094700,-0.064856,-0.079655,-0.065018,0.068020,0.020336,0.095452,0.072344,0.027250,0.095374,-0.052033,0.013534,0.008970,-0.023621,-0.102519,-0.086566,-0.105867,-0.094733
0.018736,-0.069073,0.191603,-0.080383,-0.094700,-0.062448,-0.079119,-0.062610,0.027487,0.000615,0.047493,0.016442,0.012470,0.047486,-0.046685,-0.007843,-0.119582,-0.049565,-0.101733,-0.103513,-0.016673,-0.086233
0.028453,-0.057548,0.164003,-0.088960,-0.094700,-0.073527,-0.086086,-0.073366,0.037437,0.020336,0.046145,0.032045,0.030695,0.046074,-0.051969,0.031579,-0.308475,-0.098285,-0.132535,-0.071774,0.040666,-0.113586
-0.169950,-0.108513,-0.000792,0.209007,0.221506,0.198631,0.149177,0.198428,0.083539,0.049095,0.109512,0.052398,0.052060,0.109561,0.180358,-0.266113,0.305750,-0.014398,0.300916,0.087355,0.129011,0.277679
-0.165555,-0.115431,-0.115828,0.240138,0.261032,0.238612,0.166326,0.238562,0.156846,0.114830,0.187902,0.114271,0.114852,0.187812,0.249492,-0.262252,0.169103,-0.108392,0.094962,-0.054848,0.026597,0.111475
-0.161357,-0.112983,-0.095309,0.417393,0.419134,0.399017,0.345854,0.398781,0.343535,0.309572,0.393795,0.295139,0.258431,0.393744,0.453872,-0.384092,0.326681,-0.171892,0.347869,0.036808,0.112465,0.356092
-0.166428,-0.114388,0.000123,0.855767,0.853917,0.873487,0.630956,0.873496,0.566650,0.500204,0.730274,0.407486,0.290057,0.730180,0.922981,-0.529098,0.403106,-0.244030,0.358682,0.076473,0.271029,0.340513
-0.150069,-0.095239,-0.234278,0.295093,0.300557,0.276666,0.302446,0.276771,0.292047,0.247945,0.319065,0.255655,0.211797,0.319023,0.297874,-0.277411,0.329628,-0.297889,0.267886,0.188314,0.114087,0.311352
-0.087352,0.795007,-0.288828,0.758880,0.695814,0.733795,0.687762,0.733826,0.588651,0.532250,0.767447,0.436523,0.276809,0.767412,0.746261,-0.463179,0.228257,-0.305495,0.436617,0.099344,0.137504,0.493390
-0.023116,-0.086747,-0.235907,-0.118820,-0.094700,-0.108690,-0.111809,-0.108684,-0.167967,-0.144003,-0.201159,-0.153165,-0.107141,-0.201070,-0.063332,0.198042,-0.470500,0.016960,-0.215875,-0.308954,-0.168058,-0.191807
-0.001314,-0.075197,0.070793,-0.139468,-0.134225,-0.122659,-0.131102,-0.122491,-0.177188,-0.154685,-0.211367,-0.163613,-0.117708,-0.211405,-0.071353,0.265099,-0.548045,-0.106037,-0.258035,-0.183987,-0.140733,-0.234781
-0.026428,-0.074991,0.099505,-0.115961,-0.094700,-0.103392,-0.112881,-0.103226,-0.148340,-0.128391,-0.174579,-0.131591,-0.103312,-0.174622,-0.060690,0.224946,-0.310437,0.007470,-0.237392,-0.036539,-0.172358,-0.194010
0.004945,-0.068116,0.160186,-0.144233,-0.134225,-0.126513,-0.135389,-0.126504,-0.174084,-0.152220,-0.201159,-0.156828,-0.113343,-0.201070,-0.071672,0.319435,-0.383509,-0.160032,-0.234463,-0.094459,-0.112063,-0.206595
-0.013650,-0.080304,0.100328,-0.115644,-0.094700,-0.103873,-0.119312,-0.103708,-0.138845,-0.119352,-0.179780,-0.135662,-0.087384,-0.179822,-0.058112,0.201050,-0.244930,-0.071126,-0.165546,0.051015,0.052193,-0.209693
-0.013038,-0.081174,0.095181,-0.142327,-0.134225,-0.123141,-0.133245,-0.123133,-0.177735,-0.155506,-0.214063,-0.164427,-0.108366,-0.214101,-0.071512,0.326832,-0.436712,-0.167458,-0.190700,-0.148180,-0.037793,-0.189346
0.225889,0.024077,-0.207420,0.045729,-0.015648,0.057495,0.023775,0.057634,0.006672,-0.005958,0.039404,0.003687,-0.024822,0.039334,-0.048945,0.001952,-0.002290,0.089400,-0.029055,0.117439,0.100950,-0.043253
0.270622,0.054864,-0.153365,-0.000332,-0.055174,0.019441,-0.004092,0.019266,-0.062526,-0.061833,-0.072114,-0.047330,-0.042587,-0.072106,-0.056680,0.054988,-0.145717,0.038899,0.077035,0.067407,0.075242,0.053784
0.316061,0.047379,0.476098,-0.004144,-0.055174,0.017996,-0.003020,0.018142,-0.110454,-0.104561,-0.118339,-0.099027,-0.084321,-0.118389,-0.052669,0.021175,-0.374348,-0.022442,-0.142296,-0.094846,0.053611,-0.145314
0.293618,0.049389,0.421986,0.069553,-0.015648,0.082543,0.075222,0.082518,-0.054128,-0.059368,-0.055743,-0.041360,-0.049096,-0.055736,-0.037200,-0.023611,0.000797,0.015880,0.146098,-0.032543,-0.002259,0.127566
0.325503,0.072672,0.396867,-0.027969,-0.055174,-0.004644,-0.034639,-0.004494,-0.117849,-0.109492,-0.135866,-0.104590,-0.084781,-0.135849,-0.059353,0.072544,-0.134020,0.016553,-0.050379,0.053516,0.047763,-0.059534
0.303299,0.059708,-0.139928,-0.040358,-0.094700,-0.013796,-0.052860,-0.013966,-0.079050,-0.060190,-0.088485,-0.068362,-0.061578,-0.088539,-0.045730,-0.000893,-0.389722,-0.011864,-0.188994,-0.100872,0.247474,-0.188549
-0.013720,0.603789,-0.271970,0.074318,0.063403,0.035337,0.021631,0.035159,-0.102968,-0.038826,-0.148385,-0.129691,-0.087078,-0.148303,0.113515,0.073438,-0.211943,-0.220836,0.182818,0.078877,0.142592,0.140537
0.023231,0.501040,-0.255487,-0.046393,-0.055174,-0.056185,-0.073760,-0.056188,-0.138115,-0.110313,-0.184980,-0.141225,-0.083938,-0.184957,-0.029624,0.181664,-0.111385,-0.256074,-0.066324,0.105285,0.115208,-0.075484
0.096217,0.516738,-0.214703,-0.021298,-0.055174,-0.041735,-0.044821,-0.041900,-0.113740,-0.088128,-0.155897,-0.110831,-0.057902,-0.155942,-0.021731,0.154597,-0.027527,-0.167630,0.196451,0.327774,0.264278,0.157879
0.140048,0.501585,-0.197253,-0.050841,-0.055174,-0.083642,-0.080727,-0.083480,-0.154456,-0.125925,-0.182861,-0.141632,-0.096267,-0.182839,-0.051842,0.127368,-0.065597,-0.250432,0.139444,0.374918,0.193497,0.094072
0.366109,0.074254,-0.128655,-0.069265,-0.094700,-0.098093,-0.116096,-0.098089,-0.152630,-0.130034,-0.170920,-0.156964,-0.102087,-0.170835,-0.057412,0.109527,-0.084044,-0.539386,0.030234,0.366451,0.242023,0.029214
-0.147222,0.576854,-0.161627,-0.013039,0.023878,-0.043180,-0.016418,-0.043184,-0.087905,-0.050330,-0.138177,-0.091021,-0.051623,-0.138096,-0.004288,0.116111,-0.025152,-0.135332,-0.090713,0.120262,0.135423,-0.112097
0.131543,0.037127,-0.186326,-0.051476,-0.055174,-0.058594,-0.066257,-0.058436,-0.164498,-0.135786,-0.198847,-0.157100,-0.099866,-0.198759,-0.042133,0.214583,-0.229706,-0.246676,0.175990,0.124055,0.121857,0.058525
-0.093372,0.013099,-0.189901,0.026034,0.023878,0.036300,0.028598,0.036283,0.137675,0.130443,0.196569,0.105722,0.062168,0.196542,-0.016447,-0.145533,0.092119,0.093149,0.048022,-0.149123,-0.129629,0.048341
0.161780,0.000139,-0.213811,0.069871,0.023878,0.084470,0.055929,0.084284,-0.042716,-0.042113,-0.037445,-0.028199,-0.036538,-0.037506,-0.021380,-0.126066,0.213310,0.058978,0.043258,-0.189196,-0.092319,0.018653
0.011704,-0.004078,-0.210166,0.022857,-0.015648,0.034855,0.026990,0.034838,-0.057323,-0.047865,-0.053431,-0.049908,-0.052695,-0.053425,-0.014792,-0.109322,0.280291,0.041122,-0.046971,-0.187185,-0.201129,-0.050875
-0.052713,0.002050,-0.205463,0.035246,0.023878,0.040154,0.041460,0.040136,-0.055588,-0.040469,-0.063832,-0.039732,-0.035542,-0.063761,-0.019439,-0.123099,0.324285,0.069508,0.016294,-0.221873,-0.273979,0.033479
-0.093634,0.000272,-0.202716,-0.024792,-0.015648,-0.017650,-0.009451,-0.017498,-0.016424,-0.029787,-0.015874,0.002330,-0.011421,-0.015937,-0.021985,-0.150694,0.290898,0.080261,0.026044,-0.313686,-0.249360,0.015582
0.073699,0.003799,-0.211940,0.005068,-0.015648,0.017996,0.003411,0.017981,-0.010399,-0.020749,-0.003739,0.009657,-0.008205,-0.003740,-0.021921,-0.144517,0.202140,0.075157,-0.025468,-0.249457,-0.171576,-0.020746
-0.204909,-0.142017,-0.040926,-0.057829,-0.015648,-0.056185,-0.081798,-0.056349,-0.176914,-0.151398,-0.198077,-0.165241,-0.122303,-0.198052,-0.024213,0.201415,-0.095652,-0.072955,-0.217978,-0.165615,-0.023717,-0.194056
-0.198814,-0.143856,-0.061359,-0.111832,-0.094700,-0.103392,-0.112345,-0.103226,-0.177918,-0.157971,-0.210018,-0.162799,-0.115258,-0.209992,-0.063587,0.182192,-0.016778,0.002948,-0.037546,-0.068737,-0.121428,-0.047594
-0.197585,-0.140772,-0.092782,-0.041311,-0.015648,-0.029692,-0.057147,-0.029538,-0.142314,-0.129212,-0.166297,-0.131320,-0.092974,-0.166213,-0.027842,0.083842,-0.073208,0.023688,-0.081523,-0.051507,0.070243,-0.075863
-0.197778,-0.146563,-0.066506,-0.068312,-0.055174,-0.051369,-0.074832,-0.051532,-0.132820,-0.118530,-0.162830,-0.131998,-0.084091,-0.162746,-0.046781,0.167887,-0.069799,0.067875,-0.077432,-0.021380,0.064913,-0.074392
-0.204764,-0.146753,-0.170010,-0.087689,-0.055174,-0.077862,-0.093588,-0.077700,-0.161577,-0.144824,-0.179780,-0.147466,-0.114339,-0.179822,-0.050346,0.061084,-0.064313,0.012784,0.044886,0.063929,0.059832,0.053140
-0.206562,-0.149794,-0.037357,-0.092454,-0.055174,-0.078343,-0.093052,-0.078342,-0.176001,-0.150576,-0.207322,-0.158321,-0.115258,-0.207232,-0.063046,0.151712,-0.037891,0.019908,-0.138084,-0.107599,-0.154368,-0.134892
-0.277767,-0.172138,-0.133681,-0.010498,0.063403,-0.019095,-0.013738,-0.019103,0.179029,0.130443,0.215059,0.179671,0.095172,0.215094,0.017388,-0.196130,0.324976,0.103444,0.069260,0.211325,-0.002975,0.075655
-0.254847,-0.141858,-0.062009,-0.040675,-0.015648,-0.041735,-0.015882,-0.041900,0.105631,0.079498,0.127616,0.109115,0.069519,0.127663,0.001410,-0.169836,0.361405,-0.045465,0.063421,0.215060,0.111202,0.045083
-0.237691,-0.130155,-0.048986,-0.054335,-0.015648,-0.053777,-0.033031,-0.053619,0.174191,0.122226,0.157663,0.160811,0.150230,0.157577,-0.006579,-0.116759,0.348509,-0.039661,0.236032,0.165586,0.028327,0.109561
-0.239053,-0.136430,-0.090110,-0.038134,-0.015648,-0.035473,-0.017490,-0.035318,0.210707,0.159202,0.256083,0.211557,0.132158,0.256114,0.038364,-0.208850,0.295922,-0.037776,0.186135,0.174681,0.129250,0.140496
-0.244450,-0.143903,-0.070409,-0.047664,-0.015648,-0.044625,-0.029280,-0.044469,0.243937,0.192891,0.289596,0.236387,0.156432,0.289622,0.004593,-0.183694,0.332281,-0.066513,0.009008,0.178974,0.016650,0.005466
-0.221681,-0.133447,-0.037478,-0.076571,-0.055174,-0.072081,-0.060362,-0.072242,0.005029,-0.012532,-0.010095,0.003280,0.027709,-0.010031,-0.020935,-0.125375,0.294636,-0.087847,-0.032899,0.014767,0.028391,-0.044667
0.093958,0.146343,-0.211761,-0.016215,-0.055174,-0.047515,-0.040534,-0.047519,0.027578,-0.001028,0.028233,0.023904,0.031844,0.028228,0.000009,-0.135982,0.416713,-0.131638,0.160470,0.385483,0.258900,0.146378
0.313522,0.115715,-0.141183,0.042870,-0.015648,0.046897,0.044675,0.047039,0.342714,0.237263,0.471800,0.300566,0.157428,0.471674,0.055807,-0.253514,0.251547,-0.207780,0.049550,0.140486,0.126034,0.052133
0.257489,0.045286,0.186341,-0.078160,-0.094700,-0.071600,-0.069473,-0.071600,0.050766,0.012119,0.094103,0.039101,0.009331,0.094090,-0.024086,-0.129398,0.251382,-0.224553,0.017924,0.189626,0.037236,0.006858
0.282796,0.070227,-0.173251,-0.080065,-0.094700,-0.068228,-0.071616,-0.068068,-0.088909,-0.084019,-0.086559,-0.082880,-0.069083,-0.086613,-0.015110,-0.130008,0.087653,-0.340502,-0.038741,-0.029619,0.039557,-0.036285
0.281276,0.090317,0.275446,-0.116914,-0.134225,-0.111099,-0.113417,-0.110932,-0.028201,-0.044578,-0.017607,-0.031184,-0.030795,-0.017542,-0.045698,-0.049011,-0.002463,-0.349354,-0.081047,-0.013267,0.086632,-0.096876
0.402466,0.136291,-0.165156,-0.085783,-0.094700,-0.077862,-0.083942,-0.078021,-0.039704,-0.047043,-0.036097,-0.042039,-0.038223,-0.036093,-0.031566,-0.061773,0.159395,-0.572963,0.041148,0.267273,0.204073,0.054490
0.090500,-0.010913,0.202231,0.300494,0.181980,0.256435,0.322274,0.256382,0.472164,0.442686,0.430968,0.493646,0.490072,0.430847,0.160591,-0.387181,0.147170,0.300431,0.431522,0.423772,0.459023,0.519815
0.170525,0.040232,0.259165,0.268092,0.142455,0.249691,0.254214,0.249479,0.281092,0.275882,0.250113,0.313864,0.302539,0.250080,0.113706,-0.305575,-0.047859,0.202684,0.254530,0.290905,0.338337,0.268281
0.200215,0.039187,0.285890,0.348461,0.181980,0.320500,0.365683,0.320277,0.378591,0.361338,0.367408,0.378857,0.338146,0.367360,0.177747,-0.389660,0.126778,0.183011,0.417120,0.245029,0.397283,0.439275
0.281788,0.752493,0.350809,0.319236,0.142455,0.283410,0.331385,0.283192,0.383338,0.452546,0.375305,0.336116,0.310273,0.375320,0.172018,-0.280296,-0.165450,0.229512,0.143176,0.080525,0.235061,0.131768
0.189008,0.030326,0.190665,0.397063,0.221506,0.358554,0.433743,0.358485,0.261009,0.412283,0.218140,0.261353,0.294881,0.218047,0.269513,-0.380272,0.021677,0.177792,0.216978,0.256058,0.256683,0.196624
0.224655,0.055777,0.302074,0.789375,0.458660,0.707784,0.864611,0.707819,0.815874,0.837920,0.785937,0.834759,0.870653,0.785899,0.612035,-0.546410,0.297098,0.200079,0.587668,0.504217,0.310247,0.664451
0.255498,0.073475,0.334804,0.664534,0.379609,0.596030,0.725811,0.596084,0.521553,0.604559,0.523418,0.511286,0.452550,0.523285,0.438625,-0.505445,0.199795,0.144817,0.514313,0.292004,0.356872,0.513991
-0.191438,-0.117295,-0.104060,0.019680,0.063403,0.027630,-0.006772,0.027614,-0.039886,-0.033896,-0.043609,-0.052758,-0.026966,-0.043668,0.053929,-0.014873,0.159437,-0.189733,0.148112,0.044783,-0.163842,-0.078642
-0.204507,-0.140161,-0.158276,0.022222,0.063403,0.030038,-0.023921,0.030022,-0.026375,-0.038004,-0.015874,-0.051944,-0.029876,-0.015937,0.067680,-0.002519,0.357329,-0.234122,0.261324,-0.114402,0.030831,0.084716
-0.211668,-0.142392,-0.119006,0.007927,0.023878,0.012215,-0.023921,0.012041,0.010598,-0.005137,0.017832,0.002195,-0.000471,0.017829,0.004656,0.022150,0.302777,-0.263237,0.379803,-0.041863,0.025700,-0.000612
-0.185668,-0.111732,-0.123957,0.033340,0.063403,0.040635,-0.003020,0.040778,-0.061887,-0.048686,-0.069610,-0.067683,-0.048790,-0.069602,0.022481,0.043364,0.263996,-0.375959,0.045073,0.009053,0.141387,0.028984
-0.211127,-0.128389,-0.089627,0.378321,0.419134,0.378786,0.200088,0.378713,0.177204,0.127978,0.200999,0.050634,0.038889,0.200972,0.263020,-0.114239,0.308020,-0.284109,0.404979,0.172671,0.259242,0.113401
-0.163500,-0.087410,-0.108131,0.112120,0.142455,0.126377,0.058609,0.126185,-0.010856,-0.013354,-0.012792,-0.028063,-0.019232,-0.012855,0.042757,-0.014304,0.318445,-0.361593,0.111066,0.120618,0.227092,0.089372
-0.153102,-0.119116,-0.023902,-0.005415,0.023878,-0.004644,-0.014274,-0.004815,0.024109,0.046630,-0.039756,-0.018701,0.053362,-0.039817,0.005675,-0.090830,0.364947,-0.168259,0.033618,0.017301,-0.124034,0.020890
-0.232812,-0.148427,-0.226275,-0.013039,0.023878,-0.015241,-0.015346,-0.015411,0.094768,0.101683,0.002424,0.027975,0.130626,0.002358,-0.013105,-0.058887,0.360733,-0.093735,0.090113,0.073654,-0.102633,0.079524
-0.226502,-0.125268,-0.049067,-0.000968,0.023878,0.010289,-0.008379,0.010436,0.027578,0.035126,0.014943,-0.008932,0.040038,0.015004,0.010354,-0.101519,0.184951,-0.134364,0.072571,0.000040,0.027172,0.065716
-0.230973,-0.143558,-0.145104,0.009198,0.063403,0.017032,-0.002484,0.016857,0.062725,0.071281,0.057316,0.020648,0.052290,0.057308,0.007076,-0.119157,0.435426,0.005884,0.027945,0.036558,0.011950,0.028930
-0.244968,-0.133574,-0.108223,-0.032734,0.023878,-0.019095,-0.032495,-0.019103,-0.110910,-0.104561,-0.115450,-0.102419,-0.080033,-0.115372,-0.033412,-0.027106,0.136519,-0.179331,0.012163,-0.093680,-0.226862,0.012084
-0.302469,-0.110791,-0.175151,0.090519,0.181980,0.078208,0.062360,0.078344,-0.014325,-0.008423,0.002424,-0.031862,-0.025664,0.002358,0.044476,-0.139762,0.403290,-0.173450,0.498109,0.383225,0.079451,0.332792
0.477210,0.097080,-0.081682,-0.109608,-0.134225,-0.085087,-0.102699,-0.085085,-0.047737,-0.053617,-0.030126,-0.049094,-0.060276,-0.030059,-0.059353,0.089085,-0.066749,-0.358027,-0.204610,-0.122103,-0.065230,-0.179981
0.483748,0.095133,0.650174,-0.101349,-0.134225,-0.075935,-0.099483,-0.075934,-0.157834,-0.136607,-0.167645,-0.141225,-0.116866,-0.167561,-0.062123,0.113510,-0.265218,-0.364091,-0.241127,-0.112995,-0.235523,-0.238072
0.616377,0.138429,0.696503,-0.089913,-0.134225,-0.060521,-0.085014,-0.060362,-0.085897,-0.070050,-0.073270,-0.075689,-0.079727,-0.073325,-0.050123,-0.032633,-0.134275,-0.358721,-0.331505,-0.148792,-0.222459,-0.271245
0.252313,0.041892,-0.146986,0.057482,-0.015648,0.076763,0.055393,0.076739,-0.072477,-0.076624,-0.055357,-0.069990,-0.074213,-0.055415,-0.036531,-0.106355,-0.294725,0.028354,-0.009471,-0.139529,0.222711,-0.007607
0.501085,0.098044,0.595636,-0.033369,-0.094700,-0.007053,-0.033031,-0.006902,-0.086992,-0.057725,-0.075196,-0.080980,-0.081488,-0.075123,-0.048372,-0.035194,-0.295623,-0.286575,-0.268544,-0.344903,-0.051335,-0.218858
0.528383,0.153312,0.707252,-0.054335,-0.094700,-0.024875,-0.057683,-0.024883,-0.098038,-0.083197,-0.092915,-0.090478,-0.088303,-0.092840,-0.045698,-0.014548,0.056644,-0.283981,-0.292916,-0.124764,-0.127494,-0.228511
-0.242657,-0.130094,-0.061082,-0.084830,-0.055174,-0.079307,-0.082870,-0.079145,-0.147244,-0.125925,-0.173809,-0.135933,-0.097109,-0.173787,-0.065242,0.184915,-0.198890,0.153785,-0.115556,-0.017166,-0.083819,-0.095636
-0.253182,-0.170464,-0.093185,-0.084513,-0.055174,-0.077380,-0.077511,-0.077379,-0.135742,-0.122639,-0.156474,-0.113681,-0.086006,-0.156520,-0.065401,0.189548,-0.302033,0.231305,-0.072532,-0.076844,-0.219241,-0.067104
-0.235857,-0.164655,-0.111758,-0.086736,-0.055174,-0.076898,-0.075903,-0.076737,-0.136837,-0.122639,-0.157630,-0.119786,-0.096497,-0.157547,-0.063873,0.189426,-0.275986,0.193625,-0.046846,-0.077350,-0.235460,-0.055661
-0.216710,-0.107452,-0.094428,-0.085466,-0.055174,-0.074490,-0.067865,-0.074489,-0.119948,-0.112778,-0.132014,-0.098484,-0.083479,-0.131998,-0.060308,0.144641,-0.259119,0.152916,-0.059332,0.006275,-0.226383,-0.089957
-0.226164,-0.151048,-0.044277,-0.092137,-0.055174,-0.082197,-0.078047,-0.082195,-0.134007,-0.119352,-0.145303,-0.115987,-0.097645,-0.145286,-0.066324,0.167399,-0.215932,0.171932,-0.051055,-0.064320,-0.181047,-0.046569
-0.220296,-0.138945,-0.042342,-0.087689,-0.055174,-0.077862,-0.070544,-0.077861,-0.113740,-0.104561,-0.133362,-0.104047,-0.082483,-0.133282,-0.065879,0.173008,-0.320368,0.179848,-0.060115,-0.263956,-0.167762,-0.066530
-0.014506,-0.014087,0.077921,-0.097855,-0.094700,-0.094239,-0.097876,-0.094075,-0.137111,-0.123460,-0.161482,-0.122364,-0.090217,-0.161462,-0.060945,0.092052,-0.237821,0.110985,-0.145079,-0.064363,0.030223,-0.152950
-0.031662,-0.079092,0.130490,-0.099443,-0.094700,-0.086051,-0.085014,-0.086048,-0.127525,-0.115243,-0.140103,-0.112866,-0.084168,-0.140022,-0.063555,0.102659,-0.223866,0.176924,-0.113469,-0.099166,-0.057954,-0.095781
-0.035429,-0.083944,0.107755,-0.073077,-0.055174,-0.061002,-0.060898,-0.061004,-0.138845,-0.124282,-0.162060,-0.123721,-0.087690,-0.162040,-0.061900,0.073032,-0.233413,0.240034,-0.004847,0.032337,0.206099,-0.028626
-0.022056,-0.068718,0.163571,-0.071806,-0.055174,-0.060039,-0.059826,-0.059880,-0.038334,-0.037183,-0.047268,-0.029013,-0.019921,-0.047199,-0.059640,0.050680,-0.340985,0.164223,-0.104331,-0.097457,-0.052316,-0.129335
-0.033571,-0.073542,0.147808,-0.071489,-0.055174,-0.061966,-0.058755,-0.062128,-0.104064,-0.097988,-0.118724,-0.092921,-0.065024,-0.118774,-0.058749,0.039829,-0.209850,0.202170,-0.003554,-0.023201,0.132285,-0.018312
-0.025677,-0.068767,0.163859,-0.090866,-0.094700,-0.075453,-0.078583,-0.075613,-0.075398,-0.069229,-0.079240,-0.060628,-0.056830,-0.079295,-0.060149,0.045600,-0.394228,0.155697,-0.107174,-0.263639,-0.076875,-0.103937
-0.215417,-0.149382,-0.055665,-0.065135,-0.015648,-0.069673,-0.039998,-0.069673,-0.096943,-0.091414,-0.135288,-0.076638,-0.035160,-0.135272,-0.048690,0.048485,0.244947,-0.193358,0.011811,-0.078642,-0.157749,0.018997
-0.217618,0.041739,-0.096846,-0.028922,0.023878,-0.034027,0.000731,-0.034034,-0.107350,-0.097988,-0.145689,-0.087358,-0.049939,-0.145735,-0.041561,0.008089,0.385706,-0.245345,0.087785,-0.044443,-0.116294,0.094966
-0.220890,-0.040446,-0.111355,-0.097855,-0.055174,-0.094721,-0.081798,-0.094557,-0.128438,-0.120174,-0.173231,-0.108253,-0.054916,-0.173210,-0.055629,0.094003,0.233280,-0.254050,0.016600,-0.208441,-0.143766,0.016143
-0.219318,0.806159,-0.173274,-0.040040,-0.015648,-0.036918,-0.043749,-0.036923,-0.119674,-0.105383,-0.143763,-0.110695,-0.070231,-0.143745,-0.034622,0.084208,0.158403,-0.200971,-0.135008,-0.164784,-0.097822,-0.178007
-0.220564,0.784233,-0.127112,-0.112785,-0.094700,-0.103873,-0.105378,-0.103868,-0.152539,-0.135786,-0.180165,-0.135526,-0.096803,-0.180207,-0.057444,0.127490,0.069881,-0.215991,-0.121972,-0.247343,-0.102205,-0.140182
-0.230920,-0.159094,-0.170862,-0.093725,-0.055174,-0.088941,-0.086086,-0.088777,-0.163038,-0.144824,-0.194417,-0.144752,-0.100555,-0.194329,-0.056712,0.117411,0.132454,-0.234923,-0.185469,-0.172925,-0.208124,-0.175579
0.276793,0.133913,-0.219332,0.022857,-0.055174,0.039190,0.027526,0.039012,-0.036235,-0.022392,-0.021652,-0.027927,-0.049785,-0.021586,0.062269,-0.102332,0.023201,-0.136802,-0.226015,-0.149972,-0.029130,-0.194093
0.116197,0.069145,-0.127026,-0.051794,-0.055174,-0.032582,-0.045893,-0.032428,0.101889,0.100862,0.148225,0.096360,0.025795,0.148205,0.008890,-0.096276,-0.116889,-0.239835,-0.154438,-0.235376,0.122627,-0.152232
0.321865,0.114133,-0.154505,-0.018439,-0.055174,0.000173,-0.028208,0.000322,-0.020076,-0.015819,0.007239,-0.017751,-0.040520,0.007237,-0.021476,-0.111313,-0.156007,-0.138861,-0.092376,-0.218828,0.179052,-0.077992
0.119108,0.087572,-0.242021,0.234420,0.142455,0.141310,0.117558,0.141436,-0.060518,-0.021570,-0.057476,-0.057371,-0.056754,-0.057470,0.261969,-0.162683,-0.212255,-0.248664,-0.199387,-0.153207,0.132546,-0.154970
0.259270,0.407965,-0.238469,0.037469,-0.015648,0.018959,0.024311,0.018784,-0.061613,-0.033896,-0.058054,-0.063341,-0.062803,-0.058112,0.150819,-0.116475,-0.110398,-0.295384,-0.191681,-0.042899,-0.108199,-0.172413
0.349652,0.128953,-0.220800,-0.017486,-0.055174,-0.017168,-0.014810,-0.017177,-0.099225,-0.075802,-0.104086,-0.085051,-0.079267,-0.104074,0.060900,-0.027513,-0.083374,-0.214107,-0.007170,-0.080688,0.077251,-0.120090
